<?xml version="1.0" encoding="utf-8"?><office:document-content xmlns:office="urn:oasis:names:tc:opendocument:xmlns:office:1.0" xmlns:text="urn:oasis:names:tc:opendocument:xmlns:text:1.0" xmlns:table="urn:oasis:names:tc:opendocument:xmlns:table:1.0" xmlns:style="urn:oasis:names:tc:opendocument:xmlns:style:1.0" xmlns:fo="urn:oasis:names:tc:opendocument:xmlns:xsl-fo-compatible:1.0" office:version="1.0"><office:automatic-styles><number:date-style style:name="N37" number:automatic-order="true"><number:month number:style="long"/><number:text>/</number:text><number:day number:style="long"/><number:text>/</number:text><number:year/></number:date-style><number:time-style style:name="N43"><number:hours number:style="long"/><number:text>:</number:text><number:minutes number:style="long"/><number:text>:</number:text><number:seconds number:style="long"/><number:text> </number:text><number:am-pm/></number:time-style><number:date-style style:name="N50" number:automatic-order="true" number:format-source="language"><number:month/><number:text>/</number:text><number:day/><number:text>/</number:text><number:year/><number:text> </number:text><number:hours number:style="long"/><number:text>:</number:text><number:minutes number:style="long"/><number:text> </number:text><number:am-pm/></number:date-style><style:style style:name="DateCell" style:family="table-cell" style:parent-style-name="Default" style:data-style-name="N37"/><style:style style:name="TimeCell" style:family="table-cell" style:parent-style-name="Default" style:data-style-name="N43"/><style:style style:name="DateTimeCell" style:family="table-cell" style:parent-style-name="Default" style:data-style-name="N50"/></office:automatic-styles><office:body><office:spreadsheet><table:table table:name="legajo"><table:table-row><table:table-cell office:value-type="string"><text:p>idLegajo</text:p></table:table-cell><table:table-cell office:value-type="string"><text:p>delegcionId</text:p></table:table-cell><table:table-cell office:value-type="string"><text:p>oficina_idOficina</text:p></table:table-cell><table:table-cell office:value-type="string"><text:p>fechaHoraAlta</text:p></table:table-cell><table:table-cell office:value-type="string"><text:p>usuarioAlta</text:p></table:table-cell><table:table-cell office:value-type="string"><text:p>fechaHoraBaja</text:p></table:table-cell><table:table-cell office:value-type="string"><text:p>menor_idMenor</text:p></table:table-cell><table:table-cell office:value-type="string"><text:p>tipoDocumento_idTipo_documento</text:p></table:table-cell></table:table-row><table:table-row><table:table-cell office:value-type="float" office:value="14308" ><text:p>14308</text:p></table:table-cell><table:table-cell office:value-type="string"><text:p>2</text:p></table:table-cell><table:table-cell office:value-type="float" office:value="116" ><text:p>116</text:p></table:table-cell><table:table-cell office:value-type="date" office:date-value="2021-01-14T11:23:32" table:style-name="DateTimeCell"><text:p>2021-01-14 11:23:32</text:p></table:table-cell><table:table-cell office:value-type="string"><text:p>ngandin</text:p></table:table-cell><table:table-cell office:value-type="string"><text:p>NULL</text:p></table:table-cell><table:table-cell office:value-type="float" office:value="26519" ><text:p>26519</text:p></table:table-cell><table:table-cell office:value-type="float" office:value="2" ><text:p>2</text:p></table:table-cell></table:table-row><table:table-row><table:table-cell office:value-type="float" office:value="14314" ><text:p>14314</text:p></table:table-cell><table:table-cell office:value-type="string"><text:p>2</text:p></table:table-cell><table:table-cell office:value-type="float" office:value="192" ><text:p>192</text:p></table:table-cell><table:table-cell office:value-type="date" office:date-value="2021-01-21T14:30:14" table:style-name="DateTimeCell"><text:p>2021-01-21 14:30:14</text:p></table:table-cell><table:table-cell office:value-type="string"><text:p>ngandin</text:p></table:table-cell><table:table-cell office:value-type="string"><text:p>NULL</text:p></table:table-cell><table:table-cell office:value-type="float" office:value="26539" ><text:p>26539</text:p></table:table-cell><table:table-cell office:value-type="float" office:value="2" ><text:p>2</text:p></table:table-cell></table:table-row></table:table></office:spreadsheet></office:body></office:document-content>