-- phpMyAdmin SQL Dump
-- version 4.4.15.10
-- https://www.phpmyadmin.net
--
-- Servidor: localhost
-- Tiempo de generación: 03-09-2021 a las 11:42:22
-- Versión del servidor: 5.5.68-MariaDB
-- Versión de PHP: 5.6.40

SET SQL_MODE = "NO_AUTO_VALUE_ON_ZERO";
SET time_zone = "+00:00";


/*!40101 SET @OLD_CHARACTER_SET_CLIENT=@@CHARACTER_SET_CLIENT */;
/*!40101 SET @OLD_CHARACTER_SET_RESULTS=@@CHARACTER_SET_RESULTS */;
/*!40101 SET @OLD_COLLATION_CONNECTION=@@COLLATION_CONNECTION */;
/*!40101 SET NAMES utf8mb4 */;

--
-- Base de datos: `desoc_buenaspracticas`
--

-- --------------------------------------------------------

--
-- Estructura de tabla para la tabla `actoAdministrativo`
--

CREATE TABLE IF NOT EXISTS `actoAdministrativo` (
  `idActoAdministrativo` int(11) NOT NULL,
  `nroNota` int(11) DEFAULT NULL,
  `fechaNota` date DEFAULT NULL,
  `descripcionProyecto` text,
  `montoSolicitado` double NOT NULL,
  `montoAprobado` double DEFAULT NULL,
  `fechaMontoAprobado` date DEFAULT NULL,
  `observacion` varchar(255) DEFAULT NULL,
  `referente` text COMMENT 'emisor de la nota / pedido',
  `referente2codigoarea` varchar(5) DEFAULT NULL,
  `referente2` varchar(50) DEFAULT NULL,
  `referente2Te` varchar(45) DEFAULT NULL,
  `referente2Mail` varchar(45) DEFAULT NULL,
  `contactoApenom` varchar(45) DEFAULT NULL,
  `contactocodigoarea` varchar(5) DEFAULT NULL,
  `contactoTe` varchar(45) DEFAULT NULL,
  `contactoMail` varchar(45) DEFAULT NULL,
  `tramiteUrgente` tinyint(1) NOT NULL DEFAULT '0',
  `tipoSolicitante_idtipoSolicitante` int(11) NOT NULL,
  `Institucion_inst_id` int(11) NOT NULL,
  `nombreInstitucion` varchar(255) DEFAULT NULL,
  `idLocalidadInst` int(11) NOT NULL,
  `localidadInst` varchar(45) NOT NULL,
  `departamentoInst` varchar(45) NOT NULL,
  `cbuInstitucion` varchar(22) DEFAULT NULL,
  `nroExpediente` varchar(45) DEFAULT NULL,
  `fechaExpediente` date DEFAULT NULL,
  `caratula` text,
  `fechaCaratula` date DEFAULT NULL,
  `fechaDictamen` date DEFAULT NULL,
  `observacionDictamen` text,
  `fechapago` date DEFAULT NULL,
  `nroresolucion` int(11) DEFAULT NULL,
  `fecharesolucion` date DEFAULT NULL,
  `etapas` varchar(45) DEFAULT '1',
  `nrosipaf` varchar(50) DEFAULT NULL,
  `usuario` varchar(45) DEFAULT NULL,
  `area_carga` int(11) NOT NULL,
  `fechaCarga` datetime DEFAULT NULL,
  `fechaBaja` datetime DEFAULT NULL,
  `motivoBaja` varchar(255) DEFAULT NULL,
  `cantidadBenefDirectos` int(11) DEFAULT NULL,
  `cantidadBenefIndirectos` int(11) DEFAULT NULL,
  `t_loc_id_loc` int(11) NOT NULL
) ENGINE=InnoDB AUTO_INCREMENT=54 DEFAULT CHARSET=utf8;

--
-- Volcado de datos para la tabla `actoAdministrativo`
--

INSERT INTO `actoAdministrativo` (`idActoAdministrativo`, `nroNota`, `fechaNota`, `descripcionProyecto`, `montoSolicitado`, `montoAprobado`, `fechaMontoAprobado`, `observacion`, `referente`, `referente2codigoarea`, `referente2`, `referente2Te`, `referente2Mail`, `contactoApenom`, `contactocodigoarea`, `contactoTe`, `contactoMail`, `tramiteUrgente`, `tipoSolicitante_idtipoSolicitante`, `Institucion_inst_id`, `nombreInstitucion`, `idLocalidadInst`, `localidadInst`, `departamentoInst`, `cbuInstitucion`, `nroExpediente`, `fechaExpediente`, `caratula`, `fechaCaratula`, `fechaDictamen`, `observacionDictamen`, `fechapago`, `nroresolucion`, `fecharesolucion`, `etapas`, `nrosipaf`, `usuario`, `area_carga`, `fechaCarga`, `fechaBaja`, `motivoBaja`, `cantidadBenefDirectos`, `cantidadBenefIndirectos`, `t_loc_id_loc`) VALUES
(1, 1, '2021-07-14', 'DESCRIPCION DEL PROYECTO ACLARAR TODO LO QUE QUIERE', 15000, NULL, NULL, 'OBSERVACIONES OJALA QUE GUARDE TODO', 'DATOS DEL REFERENTE', NULL, NULL, NULL, NULL, 'JUAN SUAREZ', NULL, '342-4558558', 'mail@fsdfa', 1, 1, 1735, 'ASOCIACION CIVIL ASISTIR', 150, 'SANTA FE', 'LA CAPITAL', NULL, '12565485', '2021-07-14', 'PROBANDO SI GUARDA SEGUN LO DESEADO', '2021-07-14', NULL, NULL, NULL, NULL, NULL, '1', NULL, 'vvazquez', 1, '2021-07-14 13:54:35', '2021-08-12 12:48:27', 'ERROR DE INGRESO', NULL, NULL, 0),
(2, 2, '2021-07-15', 'DESCRIPCION', 12500, NULL, NULL, 'SDFA', 'REF', NULL, NULL, NULL, NULL, 'NOM', NULL, '342-45666', NULL, 0, 1, 6431, 'AMERICAN CLUB SOCIAL Y DEPORTIVO', 150, 'SANTA FE', 'LA CAPITAL', NULL, '12358', '2021-07-15', 'CARAT SI TIENE', '2021-07-15', NULL, NULL, NULL, NULL, NULL, '1', NULL, 'vvazquez', 1, '2021-07-14 14:12:59', '2021-08-12 12:45:19', 'ERROR DE INGRESO', NULL, NULL, 0),
(3, 22, '2021-07-27', 'DESCRIPCION DEL PROYECTO', 15000, NULL, NULL, NULL, 'REFERENTE', NULL, NULL, NULL, NULL, 'NNN', NULL, '-', NULL, 0, 1, 1815, 'CLUB ATLETICO ACEBAL', 220, 'ACEBAL', 'ROSARIO', NULL, NULL, NULL, NULL, NULL, NULL, NULL, NULL, NULL, NULL, '1', NULL, 'vvazquez', 1, '2021-07-27 19:35:53', '2021-08-12 12:49:09', 'ERROR DE INGRESO', NULL, NULL, 0),
(4, 44, '2021-07-27', 'DESCRIPCION PROYECTO', 15000, NULL, NULL, NULL, 'SDFASDF', NULL, NULL, NULL, NULL, 'NNN', NULL, '-', NULL, 0, 1, 6431, 'AMERICAN CLUB SOCIAL Y DEPORTIVO', 150, 'SANTA FE', 'LA CAPITAL', NULL, '9999999', '2021-07-27', NULL, NULL, NULL, NULL, NULL, NULL, NULL, '1', NULL, 'vvazquez', 1, '2021-07-27 21:09:03', '2021-08-12 12:50:56', 'ERROR DE INGRESO', NULL, NULL, 0),
(5, 55, '2021-07-27', 'fsdfsadfda', 10000, NULL, NULL, NULL, 'sdfa', NULL, NULL, NULL, NULL, 'aaa', NULL, '-', NULL, 0, 1, 1815, 'CLUB ATLETICO ACEBAL', 220, 'ACEBAL', 'ROSARIO', NULL, NULL, NULL, NULL, NULL, NULL, NULL, NULL, NULL, NULL, '1', NULL, 'vvazquez', 1, '2021-07-27 21:21:44', '2021-08-19 11:10:31', 'ERROR DE INGRESO', NULL, NULL, 0),
(6, 99, '2021-07-28', 'DESCRI', 12000, NULL, NULL, NULL, 'SDFA', NULL, NULL, NULL, NULL, 'ASDF', NULL, '-', NULL, 0, 1, 6431, 'AMERICAN CLUB SOCIAL Y DEPORTIVO', 150, 'SANTA FE', 'LA CAPITAL', NULL, NULL, NULL, NULL, NULL, NULL, NULL, NULL, NULL, NULL, '1', NULL, 'vvazquez', 1, '2021-07-28 08:40:02', '2021-08-18 07:43:07', 'ERROR DE INGRESO', NULL, NULL, 0),
(7, 1022, '2021-07-28', 'sdfsdf', 15000, 12000, '2021-07-29', 'probando si guarda y muestra todos los datos EDITOOOOOO', 'DATOS DEL REFERENTE 1 editado', '342', 'JULIO ES EL REFERENTE 2', '342-5566888', 'referente2@mail', 'CONTACTO INSTITUCIONAL', NULL, '342-658585', 'institucion@mail', 0, 3, 6189, 'ASOCIACION CIVIL 300 BOWIING CLUB', 212, 'ROSARIO', 'ROSARIO', NULL, '9585959', '2021-07-29', 'CARATULA DEL PROYECTO BUENAS PRACTICAS', '2021-07-29', NULL, NULL, NULL, NULL, NULL, '1', NULL, 'vvazquez', 1, '2021-07-28 09:06:43', '2021-08-26 13:32:30', 'ERROR DE INGRESO', NULL, NULL, 0),
(8, 100, '2021-07-28', 'PROYECTO', 12.5, NULL, NULL, NULL, 'REF', NULL, NULL, NULL, NULL, 'APENOM', NULL, '-', NULL, 0, 1, 4334, 'CLUB ATLETICO S. Y DEP. ESTRELLA DEL SUR', 220, 'ACEBAL', 'ROSARIO', NULL, NULL, NULL, NULL, NULL, NULL, NULL, NULL, NULL, NULL, '1', NULL, 'vvazquez', 1, '2021-07-28 09:37:16', NULL, NULL, NULL, NULL, 0),
(9, 1010, '2021-07-28', 'descripcion', 10000, NULL, NULL, NULL, 'datos referente', NULL, NULL, NULL, NULL, 'nombre contacto', NULL, '-', NULL, 0, 1, 101, 'BIBLIOTECA TALLER APRENDER ', 150, 'SANTA FE', 'LA CAPITAL', NULL, NULL, NULL, NULL, NULL, NULL, NULL, NULL, NULL, NULL, '1', NULL, 'vvazquez', 1, '2021-07-28 10:31:52', '2021-08-18 07:43:47', 'ERROR DE INGRESO', NULL, NULL, 0),
(10, 1933, '2021-07-29', NULL, 25000, 23000, '2021-07-29', 'Controlando si guarda y muestra, Lo marque como tramite urgente. aGREGUE MONTO APROBADO edd', 'ANTONIO JUAN', '342', 'JULIA SOPEREZ', '44444', 'julia@mail', 'LUISA MAIDANA', '342', '1111111', 'luisa@maildd', 1, 1, 3104, 'ASOCIACION CIVIL 10 DE SEPTIEMBRE', 150, 'SANTA FE', 'LA CAPITAL', NULL, '99888999', '2021-07-29', 'ACA GUARDA LA CARATULA DEL EXPEDIENTE', '2021-07-29', NULL, NULL, NULL, NULL, NULL, '1', NULL, 'vvazquez', 1, '2021-07-29 10:21:52', '2021-08-26 13:32:18', 'ERROR DE INGRESO', NULL, NULL, 0),
(11, 202, '2021-07-29', NULL, 12500, 12500, '2021-07-30', NULL, 'referente 1', '342', 'DATOS DEL REFERENTE 2', '535854', 'referente2@mail', 'CONTACTO INSTITUCIONAL', '342', '485958', 'institucion@mail', 0, 1, 1815, 'CLUB ATLETICO ACEBAL', 220, 'ACEBAL', 'ROSARIO', '3258585', '32333435', '2021-07-30', 'CARATULA DEL PROYECTO BUENAS PRACTICAS', '2021-07-30', NULL, NULL, NULL, NULL, NULL, '1', NULL, 'vvazquez', 1, '2021-07-29 11:01:45', NULL, NULL, NULL, NULL, 0),
(12, 1033, '2021-07-29', NULL, 13300, 13000, '2021-07-29', NULL, 'ref uno', '342', 'ref dos', '15252', 'referente2@mail', 'fasdfaf', '342', '5252', NULL, 0, 1, 7417, 'CLINICA ACEBAL', 220, 'ACEBAL', 'ROSARIO', NULL, '1235485', '2021-07-29', 'caratula exxxx', '2021-07-29', NULL, NULL, NULL, NULL, NULL, '1', NULL, 'vvazquez', 1, '2021-07-29 13:04:07', NULL, NULL, NULL, NULL, 0),
(13, 1340, '2021-07-30', NULL, 13200, 12000, '2021-07-30', NULL, 'referente 1', '342', 'DATOS DEL REFERENTE 2', '25252', 'fasdf', 'CONTACTO INSTITUCIONAL', '342', '454545', NULL, 0, 1, 6951, 'CS AGUARA GRANDE', 255, 'AGUARA GRANDE', 'SAN CRISTOBAL', '1235255', '3565858', '2021-07-30', 'CARATULA DEL PROYECTO BUENAS PRACTICAS', '2021-07-30', NULL, NULL, NULL, NULL, NULL, '1', NULL, 'vvazquez', 1, '2021-07-30 09:47:36', NULL, NULL, NULL, NULL, 0),
(14, 2020, '2021-07-30', NULL, 12000, 13000, '2021-08-09', NULL, 'referente 1', '342', 'JULIO ES EL REFERENTE 2', '45566', 'julia@mail', 'CONTACTO INSTITUCIONAL', '342', '45566', NULL, 0, 2, 1815, 'CLUB ATLETICO ACEBAL', 220, 'ACEBAL', 'ROSARIO', '959595', '354564', '2021-07-30', 'CARATULA DEL PROYECTO BUENAS PRACTICAS', '2021-07-30', NULL, NULL, NULL, NULL, NULL, '1', NULL, 'vvazquez', 1, '2021-07-30 10:11:05', NULL, NULL, NULL, NULL, 0),
(15, 1040, '2021-07-30', NULL, 15000, 15000, '2021-08-18', NULL, 'referente 1', '342', 'ref dos', '4545', 'referente2@mail', 'CONTACTO INSTITUCIONAL', '342', '45454', NULL, 0, 1, 3304, 'COMUNA DE AGUARA GRANDE', 255, 'AGUARA GRANDE', 'SAN CRISTOBAL', '123455555', '01501-0071926-8', '2021-08-18', 'datos del exp', '2021-08-18', NULL, NULL, NULL, NULL, NULL, '1', NULL, 'vvazquez', 1, '2021-07-30 11:41:11', NULL, NULL, NULL, NULL, 0),
(16, 2323, '2021-08-02', NULL, 20500, 19000, '2021-08-03', NULL, 'R1', '342', 'R2', '15252', 'referente2@mail', 'DSFSD', '342', '1525', 'institucion@mail', 0, 1, 6951, 'CS AGUARA GRANDE', 255, 'AGUARA GRANDE', 'SAN CRISTOBAL', '999888999', '3636999', '2021-08-03', 'CARATULA DEL PROYECTO BUENAS PRACTICAS', '2021-08-03', NULL, NULL, NULL, NULL, NULL, '1', NULL, 'vvazquez', 1, '2021-08-02 12:38:31', NULL, NULL, NULL, NULL, 0),
(17, 1022, '2021-08-02', NULL, 123, NULL, NULL, NULL, 'R1', '342', 'R2', '34545', 'referente2@mail', 'CONTACTO INSTITUCIONAL', '342', '425', 'maa', 0, 1, 2395, 'COMUNA DE AARON CASTELLANOS', 115, 'AARON CASTELLANOS', 'GENERAL LOPEZ', NULL, NULL, NULL, NULL, NULL, NULL, NULL, NULL, NULL, NULL, '1', NULL, 'vvazquez', 1, '2021-08-02 12:56:34', NULL, NULL, NULL, NULL, 0),
(18, 1055, '2021-08-03', NULL, 15000, NULL, NULL, NULL, 'r1', '342', 'r2', '45454', 'sdfa', 'sdfa', '342', '44555', 'asf', 0, 1, 7208, 'CS AARON CASTELLANOS', 115, 'AARON CASTELLANOS', 'GENERAL LOPEZ', NULL, NULL, NULL, NULL, NULL, NULL, NULL, NULL, NULL, NULL, '1', NULL, 'vvazquez', 1, '2021-08-03 12:13:15', NULL, NULL, NULL, NULL, 0),
(20, 9898, '2021-08-03', NULL, 1000, NULL, NULL, NULL, 'r1', '342', 'r2', '45654', 'sdf', 'sdf', '425', '4545', 'asdf', 0, 1, 7417, 'CLINICA ACEBAL', 220, 'ACEBAL', 'ROSARIO', NULL, NULL, NULL, NULL, NULL, NULL, NULL, NULL, NULL, NULL, '1', '8095', 'vvazquez', 1, '2021-08-03 12:42:42', NULL, NULL, NULL, NULL, 0),
(21, 2020, '2021-08-03', NULL, 120, NULL, NULL, NULL, 'r1', '342', 'r2', '45454', 'sdfas', 'APENOM', '342', '45454', 'sdfa', 0, 1, 6951, 'CS AGUARA GRANDE', 255, 'AGUARA GRANDE', 'SAN CRISTOBAL', NULL, NULL, NULL, NULL, NULL, NULL, NULL, NULL, NULL, NULL, '1', NULL, 'vvazquez', 1, '2021-08-03 13:44:35', NULL, NULL, NULL, NULL, 0),
(22, 9899, '2021-08-03', NULL, 1500, NULL, NULL, NULL, 'r1', '342', 'rrr', '454545', 'ref', 'efe', '342', '45454', 'mmm', 0, 3, 7208, 'CS AARON CASTELLANOS', 115, 'AARON CASTELLANOS', 'GENERAL LOPEZ', NULL, NULL, NULL, NULL, NULL, NULL, NULL, NULL, NULL, NULL, '1', NULL, 'vvazquez', 1, '2021-08-03 16:44:46', NULL, NULL, NULL, NULL, 0),
(23, 2356, '2021-08-03', NULL, 12500, 12500, '2021-08-27', NULL, 'r1', '2222', 'r2', '2222', 'fsdf', 'sadfsdaf', '2222', '2222', 'sdfsadf', 0, 1, 2395, 'COMUNA DE AARON CASTELLANOS', 115, 'AARON CASTELLANOS', 'GENERAL LOPEZ', '99999999999', '01501-0108135-3', '2021-08-27', NULL, NULL, NULL, NULL, NULL, NULL, NULL, '1', '1235', 'vvazquez', 1, '2021-08-03 16:51:01', NULL, NULL, NULL, NULL, 0),
(24, 2022, '2021-08-04', NULL, 12000, NULL, NULL, NULL, 'trewr', NULL, NULL, NULL, NULL, NULL, NULL, NULL, NULL, 0, 1, 7417, 'CLINICA ACEBAL', 220, 'ACEBAL', 'ROSARIO', NULL, NULL, NULL, NULL, NULL, NULL, NULL, NULL, NULL, NULL, '1', NULL, 'vvazquez', 1, '2021-08-04 07:39:55', NULL, NULL, NULL, NULL, 0),
(25, 2022, '2021-08-04', NULL, 10, NULL, NULL, NULL, 'r1', NULL, NULL, NULL, NULL, NULL, NULL, NULL, NULL, 0, 1, 2395, 'COMUNA DE AARON CASTELLANOS', 115, 'AARON CASTELLANOS', 'GENERAL LOPEZ', NULL, '01501-0070329-0', '2021-08-18', 'fsdfdsf', NULL, NULL, NULL, NULL, NULL, NULL, '1', NULL, 'vvazquez', 1, '2021-08-04 07:51:32', NULL, NULL, NULL, NULL, 0),
(26, NULL, '2021-08-04', NULL, 10, NULL, NULL, NULL, NULL, NULL, NULL, NULL, NULL, NULL, NULL, NULL, NULL, 0, 1, 2395, 'COMUNA DE AARON CASTELLANOS', 115, 'AARON CASTELLANOS', 'GENERAL LOPEZ', NULL, NULL, NULL, NULL, NULL, NULL, NULL, NULL, NULL, NULL, '1', NULL, 'vvazquez', 1, '2021-08-04 12:27:37', NULL, NULL, NULL, NULL, 0),
(27, 2023, '2021-08-04', NULL, 13000, 13000, '2021-08-12', NULL, 'r1', NULL, NULL, NULL, NULL, NULL, NULL, NULL, 'af', 0, 1, 7110, 'CS ALDAO', 328, 'ALDAO', 'SAN LORENZO', '12315454', '1232121231', '2021-08-04', 'dgsdg', '2021-08-04', NULL, NULL, NULL, NULL, NULL, '1', NULL, 'vvazquez', 1, '2021-08-04 12:28:55', NULL, NULL, NULL, NULL, 0),
(29, 2020, '2021-08-06', NULL, 12, 12000, NULL, NULL, 'r1', NULL, NULL, NULL, NULL, NULL, NULL, NULL, NULL, 0, 1, 3304, 'COMUNA DE AGUARA GRANDE', 255, 'AGUARA GRANDE', 'SAN CRISTOBAL', '45858585', '13565588', '2021-08-10', 'CARATULA', '2021-08-10', NULL, NULL, NULL, NULL, NULL, '1', NULL, 'vvazquez', 1, '2021-08-06 08:22:36', NULL, NULL, NULL, NULL, 0),
(30, 1933, '2021-07-29', NULL, 25000, 23000, '2021-07-29', 'Controlando si guarda y muestra, Lo marque como tramite urgente. aGREGUE MONTO APROBADO', 'ANTONIO JUAN', '342', 'JULIA SOPEREZ', '44444', 'julia@mail', 'LUISA MAIDANA', '342', '456688', 'luisa@mail', 1, 1, 3104, 'ASOCIACION CIVIL 10 DE SEPTIEMBRE', 150, 'SANTA FE', 'LA CAPITAL', NULL, NULL, '2021-07-29', 'ACA GUARDA LA CARATULA DEL EXPEDIENTE', '2021-07-29', NULL, NULL, NULL, NULL, NULL, '1', NULL, 'vvazquez', 1, '2021-08-06 09:35:16', NULL, NULL, NULL, NULL, 0),
(31, 1933, '2021-07-29', NULL, 25000, 23000, '2021-07-29', 'Controlando si guarda y muestra, Lo marque como tramite urgente. aGREGUE MONTO APROBADO EDITA BIEN????', 'ANTONIO JUAN', '342', 'JULIA SOPEREZ', '44444', 'julia@mail', 'LUISA MAIDANA', '342', '1111111', 'luisa@mail', 1, 1, 3105, 'CASA PADRE CATENA', 150, 'SANTA FE', 'LA CAPITAL', NULL, '99888999', '2021-07-29', 'ACA GUARDA LA CARATULA DEL EXPEDIENTE', '2021-07-29', NULL, NULL, NULL, NULL, NULL, '1', NULL, 'vvazquez', 1, '2021-08-06 09:35:44', NULL, NULL, NULL, NULL, 0),
(32, 3698, '2021-08-06', NULL, 13500, NULL, NULL, NULL, 'r1', NULL, NULL, NULL, NULL, NULL, NULL, NULL, NULL, 0, 1, 6431, 'AMERICAN CLUB SOCIAL Y DEPORTIVO', 150, 'SANTA FE', 'LA CAPITAL', NULL, NULL, NULL, NULL, NULL, NULL, NULL, NULL, NULL, NULL, '1', NULL, 'vvazquez', 1, '2021-08-06 09:36:51', NULL, NULL, NULL, NULL, 0),
(33, 3698, '2021-08-06', NULL, 13500, 14000, NULL, 'OBSERVACION DE LA NOTA', 'r1', '342', NULL, '45566', NULL, 'NOM CONTACTO', NULL, NULL, NULL, 0, 1, 6431, 'AMERICAN CLUB SOCIAL Y DEPORTIVO', 150, 'SANTA FE', 'LA CAPITAL', NULL, '33668899', NULL, 'CARATULA DETALLE', '2021-08-11', NULL, NULL, NULL, NULL, NULL, '1', NULL, 'vvazquez', 1, '2021-08-06 09:40:49', '2021-08-12 12:41:28', 'ERROR DE INGRESO', NULL, NULL, 0),
(34, 2033, '2021-08-07', NULL, 12344, 12500, '2021-08-07', 'probando si guarda y muestra todos los datos aaaaa', 'REFERENTE', '342', 'referente 2', '4558855', 'ccccc', 'NOM CONTACTO', '342', '4556666', 'ffff', 0, 1, 7208, 'CS AARON CASTELLANOS', 115, 'AARON CASTELLANOS', 'GENERAL LOPEZ', NULL, '34256666', '2021-08-07', 'caratula expediente', '2021-08-07', NULL, NULL, NULL, NULL, NULL, '1', NULL, 'vvazquez', 1, '2021-08-07 17:44:48', NULL, NULL, NULL, NULL, 0),
(35, 2021, '2021-08-09', NULL, 12500, 12500, '2021-08-09', NULL, 'REFERENTE', '342', 'referente 2', '455666', NULL, 'NOM CONTACTO', '342', '46555', NULL, 0, 1, 6431, 'AMERICAN CLUB SOCIAL Y DEPORTIVO', 150, 'SANTA FE', 'LA CAPITAL', NULL, '2353555', '2021-08-09', 'CARATULA', '2021-08-09', NULL, NULL, NULL, NULL, NULL, '1', NULL, 'vvazquez', 1, '2021-08-09 11:03:21', NULL, NULL, NULL, NULL, 0),
(36, 45655, '2021-08-09', NULL, 10000, NULL, NULL, NULL, 'REFERENTE', '342', NULL, '45566', NULL, NULL, NULL, NULL, NULL, 0, 3, 3304, 'COMUNA DE AGUARA GRANDE', 255, 'AGUARA GRANDE', 'SAN CRISTOBAL', NULL, '1235', '2021-08-09', NULL, NULL, NULL, NULL, NULL, NULL, NULL, '1', NULL, 'vvazquez', 1, '2021-08-09 11:15:16', NULL, NULL, NULL, NULL, 0),
(37, 10082021, '2021-08-10', NULL, 4500, NULL, NULL, NULL, 'REFERENTE', NULL, NULL, NULL, NULL, NULL, NULL, NULL, NULL, 0, 1, 5635, 'AROCENA FUTBOL CLUB', 286, 'AROCENA', 'SAN JERONIMO', NULL, NULL, NULL, NULL, NULL, NULL, NULL, NULL, NULL, NULL, '1', NULL, 'vvazquez', 1, '2021-08-10 22:36:56', NULL, NULL, NULL, NULL, 0),
(38, 1033, '2021-08-11', NULL, 12500, 12500, '2021-08-11', NULL, 'REFERENTE', '342', 'r2', '455666', NULL, NULL, NULL, NULL, NULL, 1, 1, 879, 'ASOCIACION CIVIL COOPERADORA ESCUELA NRO 514 ', 243, 'ARRUFO', 'SAN CRISTOBAL', '123565858', '1235255', '2021-08-11', 'caratula expediente', '2021-08-11', NULL, NULL, NULL, NULL, NULL, '1', NULL, 'vvazquez', 1, '2021-08-11 09:31:15', NULL, NULL, NULL, NULL, 0),
(39, 9966, '2021-08-12', NULL, 10000, 10000, '2021-08-12', NULL, 'REFERENTE', '342', 'referente 2', '4556688', '@mail', 'NOM CONTACTO', '342', '556688', '@mail', 0, 1, 6547, 'ASOCIACION CIVIL CLUB ATLETICO LOGIA', 150, 'SANTA FE', 'LA CAPITAL', '4568588888', '36569888', '2021-08-12', 'caratula expediente', '2021-08-12', NULL, NULL, NULL, NULL, NULL, '1', NULL, 'vvazquez', 1, '2021-08-12 14:34:19', NULL, NULL, NULL, NULL, 0),
(40, 9998, '2021-08-19', NULL, 25000, 25000, '2021-08-19', NULL, 'referente 1', '342', 'DATOS DEL REFERENTE 2', '4556688', 'contacto@mail.com', 'CONTACTO INSTITUCIONAL', '342', '456688', NULL, 1, 1, 6431, 'AMERICAN CLUB SOCIAL Y DEPORTIVO', 150, 'SANTA FE', 'LA CAPITAL', '1231235252', '01501-0070329-0', '2021-08-19', 'CARATULA DEL PROYECTO BUENAS PRACTICAS', '2021-08-19', NULL, NULL, NULL, NULL, NULL, '1', NULL, 'vvazquez', 1, '2021-08-19 08:08:54', NULL, NULL, NULL, NULL, 0),
(41, 9596, '2021-08-19', NULL, 12500, 12500, '2021-08-19', NULL, 'referente 1', '342', 'DATOS DEL REFERENTE 2', '455565', NULL, 'CONTACTO INSTITUCIONAL', '342', '4568585', 'luisa@maildd', 0, 1, 6547, 'ASOCIACION CIVIL CLUB ATLETICO LOGIA', 150, 'SANTA FE', 'LA CAPITAL', '12355333', '01501-0070329-0', '2021-08-19', 'CARATULA DEL PROYECTO BUENAS PRACTICAS', '2021-08-19', NULL, NULL, NULL, NULL, NULL, '1', NULL, 'vvazquez', 1, '2021-08-19 10:25:29', NULL, NULL, NULL, NULL, 0),
(42, 2021, '2021-08-26', NULL, 10000, 15000, '2021-08-26', NULL, 'referente 1', NULL, 'ref dos', NULL, NULL, 'CONTACTO INSTITUCIONAL', NULL, NULL, NULL, 0, 1, 1373, 'ASOCIACION CIVIL ARDILLITAS', 150, 'SANTA FE', 'LA CAPITAL', '123525454', '01501-0071926-8', '2021-08-26', 'CARATULA DEL PROYECTO BUENAS PRACTICAS', '2021-08-26', NULL, NULL, NULL, NULL, NULL, '1', NULL, 'vvazquez', 1, '2021-08-26 09:23:56', NULL, NULL, NULL, NULL, 0),
(43, 9264, '2021-08-25', NULL, 500000, 400000, '2021-08-26', NULL, 'referente 1', '342', 'referente 2', '45555', NULL, 'contacto insti', '342', '4566655', NULL, 1, 1, 3969, 'CLUB ATLETICO SUSANENSE', 335, 'MARIA SUSANA', 'SAN MARTIN', '1235858585', '01501-0108135-3', '2021-08-25', 'caratula expediente', '2021-08-25', NULL, NULL, NULL, NULL, NULL, '1', NULL, 'vvazquez', 1, '2021-08-26 10:31:48', NULL, NULL, NULL, NULL, 0),
(44, NULL, NULL, NULL, 15222, NULL, NULL, NULL, NULL, NULL, 'JULIO ES EL REFERENTE 2', NULL, NULL, NULL, NULL, NULL, NULL, 0, 1, 3304, 'COMUNA DE AGUARA GRANDE', 255, 'AGUARA GRANDE', 'SAN CRISTOBAL', NULL, NULL, NULL, NULL, NULL, NULL, NULL, NULL, NULL, NULL, '1', NULL, 'vvazquez', 1, '2021-08-26 12:47:34', '2021-08-27 13:21:41', 'ERROR DE INGRESO', NULL, NULL, 0),
(45, NULL, NULL, NULL, 555555, 555555, '2021-08-27', NULL, 'referente 1', '342', 'referente 2', '4555555', NULL, NULL, NULL, NULL, NULL, 0, 1, 6951, 'CS AGUARA GRANDE', 255, 'AGUARA GRANDE', 'SAN CRISTOBAL', '1353535', '01501-0071926-8', '2021-08-27', 'CARATULA DETALLE', '2021-08-27', NULL, NULL, NULL, NULL, NULL, '1', NULL, 'vvazquez', 1, '2021-08-26 12:49:04', NULL, NULL, NULL, NULL, 0),
(46, NULL, NULL, NULL, 1200, NULL, NULL, NULL, 'referente 1111', NULL, NULL, NULL, NULL, NULL, NULL, NULL, NULL, 0, 3, 6706, 'ASOCIACION CIVIL MANOS VIVAS', 159, 'ARROYO LEYES', 'LA CAPITAL', NULL, NULL, NULL, NULL, NULL, NULL, NULL, NULL, NULL, NULL, '1', NULL, 'vvazquez', 1, '2021-08-26 12:51:05', NULL, NULL, NULL, NULL, 0),
(47, 1100, NULL, NULL, 300000, NULL, NULL, NULL, 'REFERENTE', '342', 'referente 2', '4556688', 'ccccc', 'NOM CONTACTO', NULL, NULL, NULL, 0, 3, 2395, 'COMUNA DE AARON CASTELLANOS', 115, 'AARON CASTELLANOS', 'GENERAL LOPEZ', NULL, '01501-0071926-8', '2021-08-27', 'CARATULA', '2021-08-26', NULL, NULL, NULL, NULL, NULL, '1', NULL, 'vvazquez', 1, '2021-08-27 08:41:42', NULL, NULL, NULL, NULL, 0),
(48, NULL, NULL, NULL, 250000, 250000, '2021-08-27', 'ingresada por DPCRI', 'REFERENTE', NULL, NULL, NULL, NULL, 'NOM CONTACTO', '342', '456545', NULL, 0, 1, 1821, 'BIBLIOTECA POPULAR JOSE MALET Nº 1800', 220, 'ACEBAL', 'ROSARIO', NULL, '01501-0071926-8', '2021-08-27', NULL, NULL, NULL, NULL, NULL, NULL, NULL, '1', NULL, 'verovazquez', 5, '2021-08-27 08:52:12', NULL, NULL, NULL, NULL, 0),
(49, NULL, NULL, NULL, 123, 250000, '2021-08-24', NULL, 'r', NULL, NULL, NULL, NULL, NULL, NULL, NULL, NULL, 0, 1, 4232, 'CLUB ATLETICO MIRAMAR', 160, 'ARROYO AGUIAR', 'LA CAPITAL', '256565655', '01501-0071926-8', '2021-08-27', 'CARATULA DETALLE', '2021-08-26', '2021-08-27', 'sdfsfsadf', '2021-08-28', 1235, '2021-08-28', '1', NULL, 'vvazquez', 1, '2021-08-27 10:08:31', NULL, NULL, NULL, NULL, 0),
(50, NULL, NULL, NULL, 250000, 250000, '2021-08-27', NULL, 'REFERENTE', '342', 'r2', '4564555', NULL, NULL, NULL, NULL, NULL, 0, 1, 6612, 'ASOCIACIÓN CIVIL CLUB DE FUTBOL Y HOCKEY LA SALLE SANTA FE - EX - ASOCIACION DEPORTIVA COLEGIALES DE SANTA FE', 150, 'SANTA FE', 'LA CAPITAL', NULL, '01501-0071926-8', '2021-08-27', 'CARATULA DETALLE', '2021-08-27', NULL, NULL, '2021-08-30', 1256, '2021-08-29', '1', '20908', 'verovazquez', 5, '2021-08-27 11:19:50', NULL, NULL, NULL, NULL, 0),
(51, NULL, NULL, NULL, 350000, 350000, '2021-08-31', NULL, 'DIPUTADO JORGE', '342', 'Luisa Ramirez', '456555885', NULL, 'Juan carlos x', '342', '555555', NULL, 0, 2, 6612, 'ASOCIACIÓN CIVIL CLUB DE FUTBOL Y HOCKEY LA SALLE SANTA FE - EX - ASOCIACION DEPORTIVA COLEGIALES DE SANTA FE', 150, 'SANTA FE', 'LA CAPITAL', '232323232', '01501-0108135-3', '2021-08-31', 'CARATULA DEL PROYECTO BUENAS PRACTICAS', '2021-08-31', NULL, NULL, '2021-09-03', 124, '2021-09-08', '1', '20908', 'vvazquez', 1, '2021-08-31 13:28:21', NULL, NULL, NULL, NULL, 0),
(52, NULL, NULL, NULL, 250000, 250000, '2021-09-01', NULL, 'Julio Paredes', '342', 'Juan perez', '458585', 'correjuan@gmail', 'Marisa Soperez', '342', '468574', NULL, 0, 1, 1569, 'ASOCIACION CIVIL DE HALTEROFILIA LA ESPERANZA', 150, 'SANTA FE', 'LA CAPITAL', '8899889988', '12525-5555555-1', '2021-09-02', 'CARATULA DEL PROYECTO BUENAS PRACTICAS', '2021-09-01', NULL, NULL, '2021-09-08', 1234, '2021-09-08', '1', '2352', 'verovazquez', 5, '2021-09-01 09:23:27', NULL, NULL, NULL, NULL, 0),
(53, NULL, NULL, NULL, 20500, 20500, '2021-09-01', NULL, 'referente 1', '342', 'DATOS DEL REFERENTE 2', '4556655', NULL, NULL, NULL, NULL, NULL, 0, 1, 6431, 'AMERICAN CLUB SOCIAL Y DEPORTIVO', 150, 'SANTA FE', 'LA CAPITAL', '12312321', '01501-0071926-8', '2021-09-02', 'sfasf', '2021-09-08', '2021-09-09', 'OBS DICTAMEN', '2021-09-02', 1234, '2021-09-08', '1', '1236', 'verovazquez', 5, '2021-09-01 09:44:54', NULL, NULL, NULL, NULL, 0);

-- --------------------------------------------------------

--
-- Estructura de tabla para la tabla `actoAdministrativo_has_checkRequisitos`
--

CREATE TABLE IF NOT EXISTS `actoAdministrativo_has_checkRequisitos` (
  `id` int(11) NOT NULL,
  `actoAdministrativo_idActoAdministrativo` int(11) NOT NULL,
  `checkRequisitos_idcheckRequisitos` int(11) NOT NULL,
  `fechaControl` datetime DEFAULT NULL,
  `observacion` varchar(255) DEFAULT NULL,
  `fechaCarga` datetime DEFAULT NULL,
  `usuario` varchar(45) DEFAULT NULL
) ENGINE=InnoDB AUTO_INCREMENT=299 DEFAULT CHARSET=utf8;

--
-- Volcado de datos para la tabla `actoAdministrativo_has_checkRequisitos`
--

INSERT INTO `actoAdministrativo_has_checkRequisitos` (`id`, `actoAdministrativo_idActoAdministrativo`, `checkRequisitos_idcheckRequisitos`, `fechaControl`, `observacion`, `fechaCarga`, `usuario`) VALUES
(16, 16, 1, NULL, NULL, '2021-08-02 12:40:34', NULL),
(17, 16, 3, NULL, NULL, '2021-08-02 12:40:34', NULL),
(46, 14, 1, NULL, NULL, '2021-08-04 11:17:44', NULL),
(47, 14, 7, NULL, NULL, '2021-08-04 11:17:44', NULL),
(54, 27, 1, NULL, NULL, '2021-08-05 08:59:46', NULL),
(55, 27, 2, NULL, NULL, '2021-08-05 08:59:46', NULL),
(56, 27, 3, NULL, NULL, '2021-08-05 08:59:46', NULL),
(57, 27, 4, NULL, NULL, '2021-08-05 08:59:46', NULL),
(58, 27, 5, NULL, NULL, '2021-08-05 08:59:46', NULL),
(59, 27, 6, NULL, NULL, '2021-08-05 08:59:46', NULL),
(60, 27, 7, NULL, NULL, '2021-08-05 08:59:46', NULL),
(61, 27, 12, NULL, NULL, '2021-08-05 08:59:46', NULL),
(62, 27, 9, NULL, NULL, '2021-08-05 08:59:46', NULL),
(63, 27, 10, NULL, NULL, '2021-08-05 08:59:46', NULL),
(64, 27, 11, NULL, NULL, '2021-08-05 08:59:46', NULL),
(65, 27, 13, NULL, NULL, '2021-08-05 08:59:46', NULL),
(66, 27, 14, NULL, NULL, '2021-08-05 08:59:46', NULL),
(67, 27, 15, NULL, NULL, '2021-08-05 08:59:46', NULL),
(74, 38, 1, NULL, NULL, '2021-08-11 10:24:01', NULL),
(75, 38, 2, NULL, NULL, '2021-08-11 10:24:01', NULL),
(76, 38, 3, NULL, NULL, '2021-08-11 10:24:01', NULL),
(77, 38, 4, NULL, NULL, '2021-08-11 10:24:01', NULL),
(78, 38, 5, NULL, NULL, '2021-08-11 10:24:01', NULL),
(79, 38, 6, NULL, NULL, '2021-08-11 10:24:01', NULL),
(80, 38, 7, NULL, NULL, '2021-08-11 10:24:01', NULL),
(81, 38, 12, NULL, NULL, '2021-08-11 10:24:01', NULL),
(82, 38, 9, NULL, NULL, '2021-08-11 10:24:01', NULL),
(83, 38, 10, NULL, NULL, '2021-08-11 10:24:01', NULL),
(84, 38, 11, NULL, NULL, '2021-08-11 10:24:01', NULL),
(85, 38, 13, NULL, NULL, '2021-08-11 10:24:01', NULL),
(86, 38, 14, NULL, NULL, '2021-08-11 10:24:01', NULL),
(87, 38, 15, NULL, NULL, '2021-08-11 10:24:01', NULL),
(112, 11, 1, NULL, NULL, '2021-08-11 11:37:03', NULL),
(113, 11, 2, NULL, NULL, '2021-08-11 11:37:03', NULL),
(114, 11, 3, NULL, NULL, '2021-08-11 11:37:03', NULL),
(115, 11, 5, NULL, NULL, '2021-08-11 11:37:03', NULL),
(116, 13, 1, NULL, NULL, '2021-08-11 11:41:44', NULL),
(117, 13, 2, NULL, NULL, '2021-08-11 11:41:44', NULL),
(118, 13, 5, NULL, NULL, '2021-08-11 11:41:44', NULL),
(123, 29, 1, NULL, NULL, '2021-08-11 14:58:36', NULL),
(124, 29, 2, NULL, NULL, '2021-08-11 14:58:36', NULL),
(125, 29, 3, NULL, NULL, '2021-08-11 14:58:36', NULL),
(126, 29, 4, NULL, NULL, '2021-08-11 14:58:36', NULL),
(127, 39, 1, NULL, NULL, '2021-08-12 14:38:00', NULL),
(128, 39, 2, NULL, NULL, '2021-08-12 14:38:00', NULL),
(129, 39, 3, NULL, NULL, '2021-08-12 14:38:00', NULL),
(130, 39, 4, NULL, NULL, '2021-08-12 14:38:00', NULL),
(131, 39, 5, NULL, NULL, '2021-08-12 14:38:00', NULL),
(132, 39, 6, NULL, NULL, '2021-08-12 14:38:00', NULL),
(133, 39, 7, NULL, NULL, '2021-08-12 14:38:00', NULL),
(134, 39, 12, NULL, NULL, '2021-08-12 14:38:00', NULL),
(135, 39, 9, NULL, NULL, '2021-08-12 14:38:00', NULL),
(136, 39, 10, NULL, NULL, '2021-08-12 14:38:00', NULL),
(137, 39, 11, NULL, NULL, '2021-08-12 14:38:00', NULL),
(138, 39, 13, NULL, NULL, '2021-08-12 14:38:00', NULL),
(139, 39, 14, NULL, NULL, '2021-08-12 14:38:00', NULL),
(140, 39, 15, NULL, NULL, '2021-08-12 14:38:00', NULL),
(144, 15, 1, NULL, NULL, '2021-08-18 19:35:49', NULL),
(145, 15, 2, NULL, NULL, '2021-08-18 19:35:49', NULL),
(146, 15, 3, NULL, NULL, '2021-08-18 19:35:49', NULL),
(147, 15, 4, NULL, NULL, '2021-08-18 19:35:49', NULL),
(148, 15, 5, NULL, NULL, '2021-08-18 19:35:49', NULL),
(149, 15, 6, NULL, NULL, '2021-08-18 19:35:49', NULL),
(150, 15, 7, NULL, NULL, '2021-08-18 19:35:49', NULL),
(151, 15, 12, NULL, NULL, '2021-08-18 19:35:49', NULL),
(152, 15, 9, NULL, NULL, '2021-08-18 19:35:49', NULL),
(153, 15, 10, NULL, NULL, '2021-08-18 19:35:49', NULL),
(154, 15, 11, NULL, NULL, '2021-08-18 19:35:49', NULL),
(155, 15, 13, NULL, NULL, '2021-08-18 19:35:49', NULL),
(156, 15, 14, NULL, NULL, '2021-08-18 19:35:49', NULL),
(157, 15, 15, NULL, NULL, '2021-08-18 19:35:49', NULL),
(158, 40, 1, NULL, NULL, '2021-08-19 08:13:15', NULL),
(159, 40, 2, NULL, NULL, '2021-08-19 08:13:15', NULL),
(160, 40, 3, NULL, NULL, '2021-08-19 08:13:15', NULL),
(161, 40, 4, NULL, NULL, '2021-08-19 08:13:15', NULL),
(162, 40, 5, NULL, NULL, '2021-08-19 08:13:15', NULL),
(163, 40, 6, NULL, NULL, '2021-08-19 08:13:15', NULL),
(164, 40, 7, NULL, NULL, '2021-08-19 08:13:15', NULL),
(165, 40, 12, NULL, NULL, '2021-08-19 08:13:15', NULL),
(166, 40, 9, NULL, NULL, '2021-08-19 08:13:15', NULL),
(167, 40, 10, NULL, NULL, '2021-08-19 08:13:15', NULL),
(168, 40, 11, NULL, NULL, '2021-08-19 08:13:15', NULL),
(169, 40, 13, NULL, NULL, '2021-08-19 08:13:15', NULL),
(170, 40, 14, NULL, NULL, '2021-08-19 08:13:15', NULL),
(171, 40, 15, NULL, NULL, '2021-08-19 08:13:15', NULL),
(172, 41, 1, NULL, NULL, '2021-08-19 10:32:45', NULL),
(173, 41, 2, NULL, NULL, '2021-08-19 10:32:45', NULL),
(174, 41, 3, NULL, NULL, '2021-08-19 10:32:45', NULL),
(175, 41, 4, NULL, NULL, '2021-08-19 10:32:45', NULL),
(176, 41, 5, NULL, NULL, '2021-08-19 10:32:45', NULL),
(180, 42, 1, NULL, NULL, '2021-08-26 09:44:05', NULL),
(181, 42, 2, NULL, NULL, '2021-08-26 09:44:05', NULL),
(182, 42, 3, NULL, NULL, '2021-08-26 09:44:05', NULL),
(183, 42, 4, NULL, NULL, '2021-08-26 09:44:05', NULL),
(184, 42, 5, NULL, NULL, '2021-08-26 09:44:05', NULL),
(185, 42, 6, NULL, NULL, '2021-08-26 09:44:05', NULL),
(186, 42, 7, NULL, NULL, '2021-08-26 09:44:05', NULL),
(187, 42, 12, NULL, NULL, '2021-08-26 09:44:05', NULL),
(188, 42, 9, NULL, NULL, '2021-08-26 09:44:05', NULL),
(189, 42, 10, NULL, NULL, '2021-08-26 09:44:05', NULL),
(190, 42, 11, NULL, NULL, '2021-08-26 09:44:05', NULL),
(191, 42, 13, NULL, NULL, '2021-08-26 09:44:05', NULL),
(192, 42, 14, NULL, NULL, '2021-08-26 09:44:05', NULL),
(193, 42, 15, NULL, NULL, '2021-08-26 09:44:05', NULL),
(194, 43, 1, NULL, NULL, '2021-08-26 10:40:33', NULL),
(195, 43, 2, NULL, NULL, '2021-08-26 10:40:33', NULL),
(196, 43, 3, NULL, NULL, '2021-08-26 10:40:33', NULL),
(197, 43, 4, NULL, NULL, '2021-08-26 10:40:33', NULL),
(198, 43, 5, NULL, NULL, '2021-08-26 10:40:33', NULL),
(199, 43, 6, NULL, NULL, '2021-08-26 10:40:33', NULL),
(200, 43, 7, NULL, NULL, '2021-08-26 10:40:33', NULL),
(201, 43, 12, NULL, NULL, '2021-08-26 10:40:33', NULL),
(202, 43, 9, NULL, NULL, '2021-08-26 10:40:33', NULL),
(203, 43, 10, NULL, NULL, '2021-08-26 10:40:33', NULL),
(204, 43, 11, NULL, NULL, '2021-08-26 10:40:33', NULL),
(205, 43, 13, NULL, NULL, '2021-08-26 10:40:33', NULL),
(206, 43, 14, NULL, NULL, '2021-08-26 10:40:33', NULL),
(207, 43, 15, NULL, NULL, '2021-08-26 10:40:33', NULL),
(222, 45, 1, NULL, NULL, '2021-08-27 13:58:44', NULL),
(223, 45, 2, NULL, NULL, '2021-08-27 13:58:44', NULL),
(224, 45, 5, NULL, NULL, '2021-08-27 13:58:44', NULL),
(225, 45, 6, NULL, NULL, '2021-08-27 13:58:44', NULL),
(226, 45, 7, NULL, NULL, '2021-08-27 13:58:44', NULL),
(227, 45, 12, NULL, NULL, '2021-08-27 13:58:44', NULL),
(228, 45, 9, NULL, NULL, '2021-08-27 13:58:44', NULL),
(229, 45, 10, NULL, NULL, '2021-08-27 13:58:44', NULL),
(230, 45, 11, NULL, NULL, '2021-08-27 13:58:44', NULL),
(231, 45, 13, NULL, NULL, '2021-08-27 13:58:44', NULL),
(232, 45, 14, NULL, NULL, '2021-08-27 13:58:44', NULL),
(233, 45, 15, NULL, NULL, '2021-08-27 13:58:44', NULL),
(234, 23, 1, NULL, NULL, '2021-08-27 14:25:52', NULL),
(235, 23, 2, NULL, NULL, '2021-08-27 14:25:52', NULL),
(254, 51, 1, NULL, NULL, '2021-09-01 08:07:43', NULL),
(255, 51, 2, NULL, NULL, '2021-09-01 08:07:43', NULL),
(256, 51, 3, NULL, NULL, '2021-09-01 08:07:43', NULL),
(257, 51, 4, NULL, NULL, '2021-09-01 08:07:43', NULL),
(258, 51, 5, NULL, NULL, '2021-09-01 08:07:43', NULL),
(259, 51, 6, NULL, NULL, '2021-09-01 08:07:43', NULL),
(260, 51, 7, NULL, NULL, '2021-09-01 08:07:43', NULL),
(261, 51, 12, NULL, NULL, '2021-09-01 08:07:43', NULL),
(262, 51, 9, NULL, NULL, '2021-09-01 08:07:43', NULL),
(263, 51, 10, NULL, NULL, '2021-09-01 08:07:43', NULL),
(264, 51, 11, NULL, NULL, '2021-09-01 08:07:43', NULL),
(265, 51, 13, NULL, NULL, '2021-09-01 08:07:43', NULL),
(266, 51, 14, NULL, NULL, '2021-09-01 08:07:43', NULL),
(267, 51, 15, NULL, NULL, '2021-09-01 08:07:43', NULL),
(271, 52, 1, NULL, NULL, '2021-09-01 09:25:26', NULL),
(272, 52, 2, NULL, NULL, '2021-09-01 09:25:26', NULL),
(273, 52, 3, NULL, NULL, '2021-09-01 09:25:26', NULL),
(274, 52, 4, NULL, NULL, '2021-09-01 09:25:26', NULL),
(275, 52, 5, NULL, NULL, '2021-09-01 09:25:26', NULL),
(276, 52, 6, NULL, NULL, '2021-09-01 09:25:26', NULL),
(277, 52, 7, NULL, NULL, '2021-09-01 09:25:26', NULL),
(278, 52, 12, NULL, NULL, '2021-09-01 09:25:26', NULL),
(279, 52, 9, NULL, NULL, '2021-09-01 09:25:26', NULL),
(280, 52, 10, NULL, NULL, '2021-09-01 09:25:26', NULL),
(281, 52, 11, NULL, NULL, '2021-09-01 09:25:26', NULL),
(282, 52, 13, NULL, NULL, '2021-09-01 09:25:26', NULL),
(283, 52, 14, NULL, NULL, '2021-09-01 09:25:26', NULL),
(284, 52, 15, NULL, NULL, '2021-09-01 09:25:26', NULL),
(285, 53, 1, NULL, NULL, '2021-09-01 09:46:03', NULL),
(286, 53, 2, NULL, NULL, '2021-09-01 09:46:03', NULL),
(287, 53, 3, NULL, NULL, '2021-09-01 09:46:03', NULL),
(288, 53, 4, NULL, NULL, '2021-09-01 09:46:03', NULL),
(289, 53, 5, NULL, NULL, '2021-09-01 09:46:03', NULL),
(290, 53, 6, NULL, NULL, '2021-09-01 09:46:03', NULL),
(291, 53, 7, NULL, NULL, '2021-09-01 09:46:03', NULL),
(292, 53, 12, NULL, NULL, '2021-09-01 09:46:03', NULL),
(293, 53, 9, NULL, NULL, '2021-09-01 09:46:03', NULL),
(294, 53, 10, NULL, NULL, '2021-09-01 09:46:03', NULL),
(295, 53, 11, NULL, NULL, '2021-09-01 09:46:03', NULL),
(296, 53, 13, NULL, NULL, '2021-09-01 09:46:03', NULL),
(297, 53, 14, NULL, NULL, '2021-09-01 09:46:03', NULL),
(298, 53, 15, NULL, NULL, '2021-09-01 09:46:03', NULL);

-- --------------------------------------------------------

--
-- Estructura de tabla para la tabla `actoAdministrativo_has_componente`
--

CREATE TABLE IF NOT EXISTS `actoAdministrativo_has_componente` (
  `idActoAdministrativo_has_componente` int(11) NOT NULL,
  `actoAdministrativo_idActoAdministrativo` int(11) NOT NULL,
  `componente_idComponenteSolicitado` int(11) NOT NULL,
  `detalleComponente_idDetalleComponenteSolicitado` int(11) NOT NULL,
  `fechaSolicitado` datetime DEFAULT NULL,
  `componente_idComponenteAprobado` int(11) DEFAULT NULL,
  `detalleComponente_idDetalleComponenteAprobado` int(11) DEFAULT NULL,
  `fechaAprobado` datetime DEFAULT NULL
) ENGINE=InnoDB AUTO_INCREMENT=225 DEFAULT CHARSET=utf8;

--
-- Volcado de datos para la tabla `actoAdministrativo_has_componente`
--

INSERT INTO `actoAdministrativo_has_componente` (`idActoAdministrativo_has_componente`, `actoAdministrativo_idActoAdministrativo`, `componente_idComponenteSolicitado`, `detalleComponente_idDetalleComponenteSolicitado`, `fechaSolicitado`, `componente_idComponenteAprobado`, `detalleComponente_idDetalleComponenteAprobado`, `fechaAprobado`) VALUES
(2, 1, 3, 7, '2021-07-14 00:00:00', NULL, NULL, NULL),
(3, 2, 2, 1, '2021-07-15 00:00:00', NULL, NULL, NULL),
(4, 2, 3, 6, '2021-07-15 00:00:00', NULL, NULL, NULL),
(5, 2, 3, 7, '2021-07-15 00:00:00', NULL, NULL, NULL),
(6, 5, 2, 5, '2021-07-27 00:00:00', NULL, NULL, NULL),
(9, 8, 1, 2, '2021-07-28 00:00:00', NULL, NULL, NULL),
(10, 8, 2, 3, '2021-07-28 00:00:00', NULL, NULL, NULL),
(11, 9, 2, 1, '2021-07-28 00:00:00', NULL, NULL, NULL),
(12, 9, 2, 5, '2021-07-28 00:00:00', NULL, NULL, NULL),
(15, 12, 3, 8, '2021-07-29 00:00:00', NULL, NULL, NULL),
(19, 16, 2, 5, '2021-08-02 00:00:00', NULL, NULL, NULL),
(20, 16, 3, 6, '2021-08-02 00:00:00', NULL, NULL, NULL),
(21, 17, 1, 2, '2021-08-02 00:00:00', NULL, NULL, NULL),
(22, 17, 3, 6, '2021-08-02 00:00:00', NULL, NULL, NULL),
(23, 18, 1, 2, '2021-08-03 00:00:00', NULL, NULL, NULL),
(24, 18, 3, 7, '2021-08-03 00:00:00', NULL, NULL, NULL),
(26, 21, 1, 2, '2021-08-03 00:00:00', NULL, NULL, NULL),
(27, 21, 3, 6, '2021-08-03 00:00:00', NULL, NULL, NULL),
(67, 14, 3, 7, NULL, NULL, NULL, '2021-08-09 00:00:00'),
(74, 27, 3, 8, NULL, NULL, NULL, '2021-08-12 00:00:00'),
(79, 32, 2, 3, '2021-08-06 00:00:00', NULL, NULL, NULL),
(82, 7, 2, 4, '2021-07-28 00:00:00', NULL, NULL, NULL),
(83, 31, 2, 5, '2021-07-29 00:00:00', NULL, NULL, NULL),
(94, 34, 2, 3, '2021-08-07 00:00:00', NULL, NULL, NULL),
(95, 34, 2, 5, '2021-08-07 00:00:00', NULL, NULL, NULL),
(96, 34, 3, 6, '2021-08-07 00:00:00', NULL, NULL, NULL),
(99, 35, 2, 1, '2021-08-09 00:00:00', NULL, NULL, NULL),
(100, 35, 1, 2, '2021-08-09 00:00:00', NULL, NULL, NULL),
(101, 35, 3, 7, '2021-08-09 00:00:00', NULL, NULL, NULL),
(103, 36, 3, 8, '2021-08-09 00:00:00', NULL, NULL, NULL),
(105, 37, 2, 1, '2021-08-10 00:00:00', NULL, NULL, NULL),
(112, 38, 2, 4, NULL, NULL, NULL, '2021-08-11 00:00:00'),
(113, 38, 3, 6, NULL, NULL, NULL, '2021-08-11 00:00:00'),
(114, 10, 2, 1, '2021-07-29 00:00:00', NULL, NULL, NULL),
(121, 11, 3, 7, NULL, NULL, NULL, '2021-07-30 00:00:00'),
(122, 13, 1, 2, NULL, NULL, NULL, '2021-07-30 00:00:00'),
(125, 33, 1, 2, '2021-08-06 00:00:00', NULL, NULL, NULL),
(128, 29, 2, 4, NULL, NULL, NULL, NULL),
(133, 39, 3, 7, NULL, NULL, NULL, '2021-08-12 00:00:00'),
(134, 39, 3, 8, NULL, NULL, NULL, '2021-08-12 00:00:00'),
(138, 15, 2, 1, NULL, NULL, NULL, '2021-08-18 00:00:00'),
(139, 25, 2, 1, '2021-08-04 00:00:00', NULL, NULL, NULL),
(140, 25, 1, 2, '2021-08-04 00:00:00', NULL, NULL, NULL),
(141, 25, 3, 6, '2021-08-04 00:00:00', NULL, NULL, NULL),
(146, 40, 2, 1, NULL, NULL, NULL, '2021-08-19 00:00:00'),
(147, 40, 3, 6, NULL, NULL, NULL, '2021-08-19 00:00:00'),
(152, 41, 2, 3, NULL, NULL, NULL, '2021-08-19 00:00:00'),
(153, 41, 3, 6, NULL, NULL, NULL, '2021-08-19 00:00:00'),
(160, 42, 2, 1, NULL, NULL, NULL, '2021-08-26 00:00:00'),
(161, 42, 2, 3, NULL, NULL, NULL, '2021-08-26 00:00:00'),
(166, 43, 2, 1, NULL, NULL, NULL, '2021-08-26 00:00:00'),
(167, 43, 3, 7, NULL, NULL, NULL, '2021-08-26 00:00:00'),
(173, 46, 2, 4, NULL, NULL, NULL, NULL),
(174, 26, 2, 5, NULL, NULL, NULL, NULL),
(175, 44, 3, 8, NULL, NULL, NULL, NULL),
(176, 30, 2, 5, '2021-07-29 00:00:00', NULL, NULL, NULL),
(179, 47, 2, 1, NULL, NULL, NULL, NULL),
(180, 47, 1, 2, NULL, NULL, NULL, NULL),
(181, 47, 2, 3, NULL, NULL, NULL, NULL),
(186, 48, 1, 2, NULL, NULL, NULL, NULL),
(187, 48, 3, 7, NULL, NULL, NULL, NULL),
(189, 49, 2, 1, NULL, NULL, NULL, NULL),
(192, 50, 2, 3, NULL, NULL, NULL, NULL),
(197, 45, 1, 2, NULL, NULL, NULL, NULL),
(198, 45, 2, 5, NULL, NULL, NULL, NULL),
(199, 23, 4, 13, '2021-08-03 00:00:00', NULL, NULL, NULL),
(200, 23, 4, 15, '2021-08-03 00:00:00', NULL, NULL, NULL),
(203, 24, 3, 9, '2021-08-04 00:00:00', NULL, NULL, NULL),
(204, 24, 4, 11, '2021-08-04 00:00:00', NULL, NULL, NULL),
(205, 20, 4, 11, '2021-08-03 00:00:00', NULL, NULL, NULL),
(214, 51, 2, 1, NULL, NULL, NULL, NULL),
(215, 51, 3, 7, NULL, NULL, NULL, NULL),
(218, 52, 2, 5, NULL, NULL, NULL, NULL),
(221, 53, 1, 2, NULL, NULL, NULL, NULL),
(222, 53, 2, 3, NULL, NULL, NULL, NULL),
(223, 22, 2, 1, '2021-08-03 00:00:00', NULL, NULL, NULL),
(224, 22, 3, 7, '2021-08-03 00:00:00', NULL, NULL, NULL);

-- --------------------------------------------------------

--
-- Estructura de tabla para la tabla `archivo`
--

CREATE TABLE IF NOT EXISTS `archivo` (
  `idarchivo` int(11) NOT NULL,
  `nombreArchivo` varchar(255) DEFAULT NULL,
  `extension` varchar(255) DEFAULT NULL,
  `path` varchar(255) DEFAULT NULL,
  `descripcion` text,
  `fecha` date DEFAULT NULL,
  `fechaUpload` datetime DEFAULT NULL,
  `usuarioAlta` varchar(255) DEFAULT NULL,
  `actoAdministrativo_idActoAdministrativo` int(11) NOT NULL,
  `tipoDocumento_idTipo_documento` int(11) DEFAULT NULL
) ENGINE=InnoDB DEFAULT CHARSET=utf8;

-- --------------------------------------------------------

--
-- Estructura de tabla para la tabla `area`
--

CREATE TABLE IF NOT EXISTS `area` (
  `idArea` int(11) NOT NULL,
  `area` varchar(100) NOT NULL
) ENGINE=InnoDB AUTO_INCREMENT=7 DEFAULT CHARSET=utf8;

--
-- Volcado de datos para la tabla `area`
--

INSERT INTO `area` (`idArea`, `area`) VALUES
(1, 'Privada'),
(2, 'Unidad Evaluadora'),
(3, 'Unidad de Gestion de Convenio'),
(4, 'Secretario'),
(5, 'Dirección Provincial de Coordinación y Relaciones Institucionales'),
(6, 'Area Externa');

-- --------------------------------------------------------

--
-- Estructura de tabla para la tabla `checkRequisitos`
--

CREATE TABLE IF NOT EXISTS `checkRequisitos` (
  `idcheckRequisitos` int(11) NOT NULL,
  `detalleRequisito` varchar(255) DEFAULT NULL,
  `validoPara` varchar(45) DEFAULT NULL,
  `fechaBaja` datetime DEFAULT NULL
) ENGINE=InnoDB AUTO_INCREMENT=16 DEFAULT CHARSET=utf8;

--
-- Volcado de datos para la tabla `checkRequisitos`
--

INSERT INTO `checkRequisitos` (`idcheckRequisitos`, `detalleRequisito`, `validoPara`, `fechaBaja`) VALUES
(1, 'Nota de solicitud', 'Tramite General', NULL),
(2, 'Fotocopia de la ultima acta de designación de autoridades (autenticada por autoridad competente)', 'Tramite General', NULL),
(3, 'Fotocopia del acta de solicitud de subsidio al programa (autenticada por autoridad competente)', 'Tramite General', NULL),
(4, 'Fotocopia de la 1ª y 2ª hoja de DNI de Presidente, Secretario y Tesorero (autenticadas por autoridad competente)', 'Tramite General', NULL),
(5, 'Constancia de CBU ', 'Tramite General', NULL),
(6, 'Constancia de Subsistencia de Personería Jurídica (otorgada por autoridad competente)', 'Tramite General', NULL),
(7, 'Esc/ Com', 'C1', NULL),
(8, '3 Presupuestos', 'C1', NULL),
(9, 'CV', 'C2', NULL),
(10, 'DNI', 'C2', NULL),
(11, 'Titulo', 'C2', NULL),
(12, '3 Presupuestos', 'C3', NULL),
(13, 'Fortalecimiento', 'C4', NULL),
(14, 'ONG', 'Registro', NULL),
(15, 'SIPAF', 'Registro', NULL);

-- --------------------------------------------------------

--
-- Estructura de tabla para la tabla `componente`
--

CREATE TABLE IF NOT EXISTS `componente` (
  `idComponente` int(11) NOT NULL,
  `componente` varchar(100) DEFAULT NULL
) ENGINE=InnoDB AUTO_INCREMENT=5 DEFAULT CHARSET=utf8;

--
-- Volcado de datos para la tabla `componente`
--

INSERT INTO `componente` (`idComponente`, `componente`) VALUES
(1, 'AYUDA ECONOMICAS Y APORTE PARA MATERIALES'),
(2, 'CAPACITACION O ASESORAMIENTO TECNICO'),
(3, 'EQUIPAMIENTO'),
(4, 'LINEAS ESPECIALES');

-- --------------------------------------------------------

--
-- Estructura de tabla para la tabla `detalleComponente`
--

CREATE TABLE IF NOT EXISTS `detalleComponente` (
  `iddetalleComponente` int(11) NOT NULL,
  `detalleComponente` varchar(100) DEFAULT NULL,
  `componente_idComponente` int(11) NOT NULL
) ENGINE=InnoDB AUTO_INCREMENT=16 DEFAULT CHARSET=utf8;

--
-- Volcado de datos para la tabla `detalleComponente`
--

INSERT INTO `detalleComponente` (`iddetalleComponente`, `detalleComponente`, `componente_idComponente`) VALUES
(1, 'Construcción o mantenimiento de infraestructura social', 2),
(2, 'Promover o apoyar el desarrollo deportivo y/o cultural', 1),
(3, 'Desarrollar o dar sustentabilidad a proyectos o emprendimientos sociales', 2),
(4, 'Promocionar el trabajo en red y/o la recuperación del capital social local', 2),
(5, 'Mejorar la organización de la institución o la implementación de un programa del MDS', 2),
(6, 'Desarrollar el proyecto de infraestructura social (herramientas, maquinarias, etc.). ', 3),
(7, 'Desarrollar Capacitación', 3),
(8, 'Realizar actividades deportivas', 3),
(9, 'Equipar un comedor comunitario, un centro de día, etc.', 3),
(10, 'Desarrollar Observatorio Social Regional', 4),
(11, 'Monitorear Programas Sociales', 4),
(12, 'Organizar una red o Asociación de OSC ', 4),
(13, 'Regularizar la OSC, desarrollar las capacidades organizativas o gastos de funcionamiento ', 4),
(14, 'Monto estimado del subsidio solicitado para llevar adelante total o parcialmente la iniciativa', 4),
(15, 'Cantidad de beneficiarios directos y/o indirectos', 4);

-- --------------------------------------------------------

--
-- Estructura de tabla para la tabla `estadoActoAdministrativo`
--

CREATE TABLE IF NOT EXISTS `estadoActoAdministrativo` (
  `idestado` int(11) NOT NULL,
  `estadoDescripcion` varchar(45) NOT NULL
) ENGINE=InnoDB AUTO_INCREMENT=13 DEFAULT CHARSET=utf8;

--
-- Volcado de datos para la tabla `estadoActoAdministrativo`
--

INSERT INTO `estadoActoAdministrativo` (`idestado`, `estadoDescripcion`) VALUES
(1, 'INICIADO'),
(2, 'APROBADO - En curso'),
(3, 'APROBADO - A la espera'),
(4, 'NO APROBADO'),
(5, 'A EVALUAR'),
(6, 'PARA DICTAMINAR'),
(7, 'PARA FIRMA DE CONVENIO'),
(8, 'PARA GESTION DE PAGO'),
(9, 'PAGADO'),
(10, 'RENDIDO'),
(11, 'CONTINUAR TRAMITE'),
(12, 'TRAMITADO A TRAVES DE  OTRO PROGRAMA');

-- --------------------------------------------------------

--
-- Estructura de tabla para la tabla `estadoActoAdministrativo_has_actoAdministrativo`
--

CREATE TABLE IF NOT EXISTS `estadoActoAdministrativo_has_actoAdministrativo` (
  `idestadoActo_has_actoAdministrativo` int(11) NOT NULL,
  `estadoActoAdministrativo_idestado` int(11) NOT NULL,
  `actoAdministrativo_idActoAdministrativo` int(11) NOT NULL,
  `fechaEstado` date NOT NULL,
  `observacionEstado` text,
  `fechaCarga` datetime NOT NULL,
  `usuario` varchar(45) NOT NULL
) ENGINE=InnoDB AUTO_INCREMENT=179 DEFAULT CHARSET=utf8;

--
-- Volcado de datos para la tabla `estadoActoAdministrativo_has_actoAdministrativo`
--

INSERT INTO `estadoActoAdministrativo_has_actoAdministrativo` (`idestadoActo_has_actoAdministrativo`, `estadoActoAdministrativo_idestado`, `actoAdministrativo_idActoAdministrativo`, `fechaEstado`, `observacionEstado`, `fechaCarga`, `usuario`) VALUES
(1, 1, 1, '2021-07-14', 'ALTA DE LA NOTA - AUTOMATICO', '2021-07-14 13:54:35', 'vvazquez'),
(2, 5, 1, '2021-07-14', 'A EVALUAR - AUTOMATICO', '2021-07-14 13:56:27', 'vvazquez'),
(3, 1, 2, '2021-07-14', 'ALTA DE LA NOTA - AUTOMATICO', '2021-07-14 14:12:59', 'vvazquez'),
(4, 5, 2, '2021-07-14', 'A EVALUAR - AUTOMATICO', '2021-07-14 14:14:16', 'vvazquez'),
(5, 1, 3, '2021-07-27', 'ALTA DE LA NOTA - AUTOMATICO', '2021-07-27 19:35:53', 'vvazquez'),
(6, 5, 3, '2021-07-27', 'A EVALUAR - AUTOMATICO', '2021-07-27 21:07:09', 'vvazquez'),
(7, 1, 4, '2021-07-27', 'ALTA DE LA NOTA - AUTOMATICO', '2021-07-27 21:09:03', 'vvazquez'),
(8, 5, 4, '2021-07-27', 'A EVALUAR - AUTOMATICO', '2021-07-27 21:20:39', 'vvazquez'),
(9, 1, 5, '2021-07-27', 'ALTA DE LA NOTA - AUTOMATICO', '2021-07-27 21:21:44', 'vvazquez'),
(10, 1, 6, '2021-07-28', 'ALTA DE LA NOTA - AUTOMATICO', '2021-07-28 08:40:02', 'vvazquez'),
(11, 5, 6, '2021-07-28', 'A EVALUAR - AUTOMATICO', '2021-07-28 08:41:23', 'vvazquez'),
(12, 1, 7, '2021-07-28', 'ALTA DE LA NOTA - AUTOMATICO', '2021-07-28 09:06:43', 'vvazquez'),
(13, 1, 8, '2021-07-28', 'ALTA DE LA NOTA - AUTOMATICO', '2021-07-28 09:37:16', 'vvazquez'),
(14, 1, 9, '2021-07-28', 'ALTA DE LA NOTA - AUTOMATICO', '2021-07-28 10:31:52', 'vvazquez'),
(15, 5, 9, '2021-07-28', 'A EVALUAR - AUTOMATICO', '2021-07-28 10:36:30', 'vvazquez'),
(16, 2, 8, '2021-07-28', 'A EVALUAR - AUTOMATICO', '2021-07-28 13:13:56', 'vvazquez'),
(17, 1, 10, '2021-07-29', 'ALTA DE LA NOTA - AUTOMATICO', '2021-07-29 10:21:52', 'vvazquez'),
(18, 1, 11, '2021-07-29', 'ALTA DE LA NOTA - AUTOMATICO', '2021-07-29 11:01:45', 'vvazquez'),
(19, 2, 11, '2021-07-29', 'A EVALUAR - AUTOMATICO', '2021-07-29 12:41:28', 'vvazquez'),
(20, 1, 12, '2021-07-29', 'ALTA DE LA NOTA - AUTOMATICO', '2021-07-29 13:04:07', 'vvazquez'),
(21, 2, 12, '2021-07-29', 'A EVALUAR - AUTOMATICO', '2021-07-29 13:55:34', 'vvazquez'),
(22, 1, 13, '2021-07-30', 'ALTA DE LA NOTA - AUTOMATICO', '2021-07-30 09:47:36', 'vvazquez'),
(23, 1, 14, '2021-07-30', 'ALTA DE LA NOTA - AUTOMATICO', '2021-07-30 10:11:05', 'vvazquez'),
(24, 2, 14, '2021-07-30', 'A EVALUAR - AUTOMATICO', '2021-07-30 10:16:31', 'vvazquez'),
(25, 3, 13, '2021-07-30', 'CAMBIO DE ESTADO POR EDICION', '2021-07-30 11:20:26', 'vvazquez'),
(26, 3, 13, '2021-07-30', 'CAMBIO DE ESTADO POR EDICION', '2021-07-30 11:22:41', 'vvazquez'),
(27, 4, 13, '2021-07-30', 'CAMBIO DE ESTADO POR EDICION', '2021-07-30 11:22:57', 'vvazquez'),
(28, 3, 13, '2021-07-30', 'CAMBIO DE ESTADO POR EDICION', '2021-07-30 11:25:34', 'vvazquez'),
(29, 4, 13, '2021-07-30', 'CAMBIO DE ESTADO POR EDICION', '2021-07-30 11:25:44', 'vvazquez'),
(30, 4, 13, '2021-07-30', 'CAMBIO DE ESTADO POR EDICION', '2021-07-30 11:35:40', 'vvazquez'),
(31, 12, 13, '2021-07-30', 'CAMBIO DE ESTADO POR EDICION', '2021-07-30 11:35:57', 'vvazquez'),
(32, 1, 15, '2021-07-30', 'ALTA DE LA NOTA - AUTOMATICO', '2021-07-30 11:41:11', 'vvazquez'),
(33, 3, 15, '2021-07-30', 'CAMBIO DE ESTADO POR EDICION', '2021-07-30 11:41:37', 'vvazquez'),
(34, 3, 15, '2021-07-30', 'CAMBIO DE ESTADO POR EDICION', '2021-07-30 11:43:03', 'vvazquez'),
(35, 3, 13, '2021-07-30', 'CAMBIO DE ESTADO POR EDICION', '2021-07-30 12:30:54', 'vvazquez'),
(36, 2, 13, '2021-07-30', 'A EVALUAR - AUTOMATICO', '2021-07-30 12:35:52', 'vvazquez'),
(43, 1, 16, '2021-08-02', 'ALTA DE LA NOTA - AUTOMATICO', '2021-08-02 12:38:31', 'vvazquez'),
(44, 2, 16, '2021-08-02', 'A EVALUAR - AUTOMATICO', '2021-08-02 12:39:53', 'vvazquez'),
(47, 6, 16, '2021-08-02', 'ACTUALIZADO POR UE', '2021-08-02 12:54:05', 'vvazquez'),
(48, 6, 16, '2021-08-02', 'ACTUALIZADO POR UE', '2021-08-02 12:54:47', 'vvazquez'),
(49, 6, 16, '2021-08-02', 'ACTUALIZADO POR UE', '2021-08-02 12:55:02', 'vvazquez'),
(50, 1, 17, '2021-08-02', 'ALTA DE LA NOTA - AUTOMATICO', '2021-08-02 12:56:34', 'vvazquez'),
(51, 1, 18, '2021-08-03', 'ALTA DE LA NOTA - AUTOMATICO', '2021-08-03 12:13:15', 'vvazquez'),
(53, 1, 20, '2021-08-03', 'ALTA DE LA NOTA - AUTOMATICO', '2021-08-03 12:42:42', 'vvazquez'),
(54, 1, 21, '2021-08-03', 'ALTA DE LA NOTA - AUTOMATICO', '2021-08-03 13:44:35', 'vvazquez'),
(55, 1, 22, '2021-08-03', 'ALTA DE LA NOTA - AUTOMATICO', '2021-08-03 16:44:46', 'vvazquez'),
(56, 1, 23, '2021-08-03', 'ALTA DE LA NOTA - AUTOMATICO', '2021-08-03 16:51:01', 'vvazquez'),
(57, 1, 24, '2021-08-04', 'ALTA DE LA NOTA - AUTOMATICO', '2021-08-04 07:39:55', 'vvazquez'),
(58, 1, 25, '2021-08-04', 'ALTA DE LA NOTA - AUTOMATICO', '2021-08-04 07:51:32', 'vvazquez'),
(59, 1, 26, '2021-08-04', 'ALTA DE LA NOTA - AUTOMATICO', '2021-08-04 12:27:37', 'vvazquez'),
(60, 1, 27, '2021-08-04', 'ALTA DE LA NOTA - AUTOMATICO', '2021-08-04 12:28:55', 'vvazquez'),
(61, 2, 27, '2021-08-04', 'A EVALUAR - AUTOMATICO', '2021-08-04 12:31:14', 'vvazquez'),
(62, 6, 14, '2021-08-04', 'ACTUALIZADO POR UE', '2021-08-04 20:09:55', 'vvazquez'),
(63, 11, 14, '2021-08-04', 'CONTINUAR TRAMITE - AUTOMATICO', '2021-08-04 20:11:47', 'vvazquez'),
(64, 7, 14, '2021-08-04', 'PARA FIRMA CONVENIO - AUTOMATICO', '2021-08-04 20:23:07', 'vvazquez'),
(65, 8, 14, '2021-08-04', 'PARA GESTION DE PAGO - AUTOMATICO', '2021-08-04 20:25:01', 'vvazquez'),
(66, 6, 27, '2021-08-05', 'ACTUALIZADO POR UE', '2021-08-05 09:00:16', 'vvazquez'),
(67, 11, 27, '2021-08-05', 'CONTINUAR TRAMITE - AUTOMATICO', '2021-08-05 09:01:43', 'vvazquez'),
(68, 1, 29, '2021-08-06', 'ALTA DE LA NOTA - AUTOMATICO', '2021-08-06 08:22:36', 'vvazquez'),
(69, 1, 30, '2021-08-06', 'ALTA DE LA NOTA - AUTOMATICO', '2021-08-06 09:35:16', 'vvazquez'),
(70, 1, 31, '2021-08-06', 'ALTA DE LA NOTA - AUTOMATICO', '2021-08-06 09:35:44', 'vvazquez'),
(71, 1, 32, '2021-08-06', 'ALTA DE LA NOTA - AUTOMATICO', '2021-08-06 09:36:51', 'vvazquez'),
(72, 1, 33, '2021-08-06', 'ALTA DE LA NOTA - AUTOMATICO', '2021-08-06 09:40:49', 'vvazquez'),
(73, 7, 27, '2021-08-06', 'PARA FIRMA CONVENIO - AUTOMATICO', '2021-08-06 13:59:55', 'vvazquez'),
(74, 1, 34, '2021-08-07', 'ALTA DE LA NOTA - AUTOMATICO', '2021-08-07 17:44:48', 'vvazquez'),
(75, 1, 35, '2021-08-09', 'ALTA DE LA NOTA - AUTOMATICO', '2021-08-09 11:03:21', 'vvazquez'),
(76, 1, 36, '2021-08-09', 'ALTA DE LA NOTA - AUTOMATICO', '2021-08-09 11:15:16', 'vvazquez'),
(77, 9, 27, '2021-08-09', 'CAMBIO DE ESTADO POR EDICION', '2021-08-09 12:42:35', 'vvazquez'),
(79, 2, 29, '2021-08-10', 'A EVALUAR - AUTOMATICO', '2021-08-10 09:59:34', 'vvazquez'),
(80, 1, 37, '2021-08-10', 'ALTA DE LA NOTA - AUTOMATICO', '2021-08-10 22:36:56', 'vvazquez'),
(81, 1, 38, '2021-08-11', 'ALTA DE LA NOTA - AUTOMATICO', '2021-08-11 09:31:15', 'vvazquez'),
(82, 2, 38, '2021-08-11', 'APROBADO EN CURSO - AUTOMATICO', '2021-08-11 09:49:25', 'vvazquez'),
(83, 6, 38, '2021-08-11', 'ACTUALIZADO POR UE', '2021-08-11 10:24:41', 'vvazquez'),
(84, 12, 10, '2021-08-11', 'CAMBIO DE ESTADO POR EDICION', '2021-08-11 10:43:52', 'vvazquez'),
(85, 1, 39, '2021-08-12', 'ALTA DE LA NOTA - AUTOMATICO', '2021-08-12 14:34:19', 'vvazquez'),
(86, 2, 39, '2021-08-12', 'APROBADO EN CURSO - AUTOMATICO', '2021-08-12 14:35:56', 'vvazquez'),
(87, 6, 39, '2021-08-12', 'ACTUALIZADO POR UE', '2021-08-12 14:38:58', 'vvazquez'),
(88, 11, 39, '2021-08-12', 'CONTINUAR TRAMITE - AUTOMATICO', '2021-08-12 14:41:47', 'vvazquez'),
(89, 7, 39, '2021-08-12', 'PARA FIRMA CONVENIO - AUTOMATICO', '2021-08-12 14:48:16', 'vvazquez'),
(90, 8, 39, '2021-08-12', 'PARA GESTION DE PAGO - AUTOMATICO', '2021-08-12 14:49:08', 'vvazquez'),
(91, 9, 39, '2021-08-12', 'CAMBIO DE ESTADO POR EDICION', '2021-08-12 15:06:31', 'vvazquez'),
(92, 10, 39, '2021-08-12', 'CAMBIO DE ESTADO POR EDICION', '2021-08-12 15:06:38', 'vvazquez'),
(93, 12, 26, '2021-08-18', 'CAMBIO DE ESTADO POR EDICION', '2021-08-18 07:42:30', 'vvazquez'),
(94, 2, 15, '2021-08-18', 'APROBADO EN CURSO - AUTOMATICO', '2021-08-18 19:25:36', 'vvazquez'),
(95, 6, 15, '2021-08-18', 'ACTUALIZADO POR UE', '2021-08-18 19:36:17', 'vevazquez'),
(96, 11, 15, '2021-08-18', 'CONTINUAR TRAMITE - AUTOMATICO', '2021-08-18 19:56:37', 'vvazquez'),
(97, 7, 15, '2021-08-18', 'PARA FIRMA CONVENIO - AUTOMATICO', '2021-08-18 19:57:39', 'vervazquez'),
(98, 8, 15, '2021-08-18', 'PARA GESTION DE PAGO - AUTOMATICO', '2021-08-18 19:58:23', 'vervazquez'),
(99, 9, 15, '2021-08-18', 'CAMBIO DE ESTADO POR EDICION', '2021-08-18 20:49:54', 'verovazquez'),
(100, 1, 40, '2021-08-19', 'ALTA DE LA NOTA - AUTOMATICO', '2021-08-19 08:08:54', 'vvazquez'),
(101, 2, 40, '2021-08-19', 'APROBADO EN CURSO - AUTOMATICO', '2021-08-19 08:10:52', 'vvazquez'),
(102, 6, 40, '2021-08-19', 'ACTUALIZADO POR UE', '2021-08-19 08:14:05', 'vevazquez'),
(103, 11, 40, '2021-08-19', 'CONTINUAR TRAMITE - AUTOMATICO', '2021-08-19 08:17:01', 'vvazquez'),
(104, 7, 40, '2021-08-19', 'PARA FIRMA CONVENIO - AUTOMATICO', '2021-08-19 08:18:30', 'vervazquez'),
(105, 8, 40, '2021-08-19', 'PARA GESTION DE PAGO - AUTOMATICO', '2021-08-19 08:20:03', 'vervazquez'),
(106, 9, 40, '2021-08-19', 'CAMBIO DE ESTADO POR EDICION', '2021-08-19 08:21:34', 'verovazquez'),
(107, 1, 41, '2021-08-19', 'ALTA DE LA NOTA - AUTOMATICO', '2021-08-19 10:25:29', 'vvazquez'),
(108, 2, 41, '2021-08-19', 'APROBADO EN CURSO - AUTOMATICO', '2021-08-19 10:29:41', 'vvazquez'),
(109, 6, 41, '2021-08-19', 'ACTUALIZADO POR UE', '2021-08-19 10:34:25', 'vevazquez'),
(110, 11, 41, '2021-08-19', 'CONTINUAR TRAMITE - AUTOMATICO', '2021-08-19 10:36:26', 'vvazquez'),
(111, 7, 41, '2021-08-19', 'PARA FIRMA CONVENIO - AUTOMATICO', '2021-08-19 10:39:03', 'vervazquez'),
(112, 8, 41, '2021-08-19', 'PARA GESTION DE PAGO - AUTOMATICO', '2021-08-19 10:47:30', 'vervazquez'),
(113, 9, 41, '2021-08-19', 'CAMBIO DE ESTADO POR EDICION', '2021-08-19 10:50:45', 'verovazquez'),
(114, 10, 41, '2021-08-19', 'CAMBIO DE ESTADO POR EDICION', '2021-08-19 10:50:54', 'verovazquez'),
(115, 1, 42, '2021-08-26', 'ALTA DE LA NOTA - AUTOMATICO', '2021-08-26 09:23:56', 'vvazquez'),
(116, 2, 42, '2021-08-26', 'APROBADO EN CURSO - AUTOMATICO', '2021-08-26 09:40:46', 'vvazquez'),
(117, 6, 42, '2021-08-26', 'ACTUALIZADO POR UE', '2021-08-26 09:44:43', 'vevazquez'),
(118, 1, 43, '2021-08-26', 'ALTA DE LA NOTA - AUTOMATICO', '2021-08-26 10:31:48', 'vvazquez'),
(119, 2, 43, '2021-08-26', 'APROBADO EN CURSO - AUTOMATICO', '2021-08-26 10:36:26', 'vvazquez'),
(120, 6, 43, '2021-08-26', 'ACTUALIZADO POR UE', '2021-08-26 10:44:03', 'vevazquez'),
(121, 11, 43, '2021-08-26', 'CONTINUAR TRAMITE - AUTOMATICO', '2021-08-26 10:47:15', 'vvazquez'),
(122, 7, 43, '2021-08-26', 'PARA FIRMA CONVENIO - AUTOMATICO', '2021-08-26 10:55:46', 'vervazquez'),
(123, 8, 43, '2021-08-26', 'PARA GESTION DE PAGO - AUTOMATICO', '2021-08-26 10:56:27', 'vervazquez'),
(124, 9, 43, '2021-08-26', 'CAMBIO DE ESTADO POR EDICION', '2021-08-26 11:00:14', 'verovazquez'),
(125, 1, 44, '2021-08-26', 'ALTA DE LA NOTA - AUTOMATICO', '2021-08-26 12:47:34', 'vvazquez'),
(126, 1, 45, '2021-08-26', 'ALTA DE LA NOTA - AUTOMATICO', '2021-08-26 12:49:04', 'vvazquez'),
(127, 1, 46, '2021-08-26', 'ALTA DE LA NOTA - AUTOMATICO', '2021-08-26 12:51:05', 'vvazquez'),
(128, 2, 46, '2021-08-26', 'APROBADO EN CURSO - AUTOMATICO', '2021-08-26 13:23:53', 'vvazquez'),
(129, 1, 47, '2021-08-27', 'ALTA DE LA NOTA - AUTOMATICO', '2021-08-27 08:41:42', 'vvazquez'),
(130, 2, 47, '2021-08-27', 'APROBADO EN CURSO - AUTOMATICO', '2021-08-27 08:50:26', 'vvazquez'),
(131, 1, 48, '2021-08-27', 'ALTA DE LA NOTA - AUTOMATICO', '2021-08-27 08:52:12', 'verovazquez'),
(132, 2, 48, '2021-08-27', 'APROBADO EN CURSO - AUTOMATICO', '2021-08-27 09:21:09', 'verovazquez'),
(133, 1, 49, '2021-08-27', 'ALTA DE LA NOTA - AUTOMATICO', '2021-08-27 10:08:31', 'vvazquez'),
(134, 2, 49, '2021-08-27', 'APROBADO EN CURSO - AUTOMATICO', '2021-08-27 11:15:22', 'verovazquez'),
(135, 2, 17, '2021-08-27', 'APROBADO EN CURSO - AUTOMATICO', '2021-08-27 11:17:06', 'verovazquez'),
(136, 1, 50, '2021-08-27', 'ALTA DE LA NOTA - AUTOMATICO', '2021-08-27 11:19:50', 'verovazquez'),
(137, 2, 50, '2021-08-27', 'APROBADO EN CURSO - AUTOMATICO', '2021-08-27 12:44:45', 'vvazquez'),
(138, 3, 45, '2021-08-27', 'CAMBIO DE ESTADO POR EDICION', '2021-08-27 12:47:16', 'vvazquez'),
(139, 6, 49, '2021-08-27', 'ACTUALIZADO POR UE', '2021-08-27 21:00:05', 'vevazquez'),
(140, 6, 50, '2021-08-27', 'ACTUALIZADO POR UE', '2021-08-27 21:00:35', 'vevazquez'),
(142, 11, 50, '2021-08-28', 'CONTINUAR TRAMITE - AUTOMATICO', '2021-08-28 19:31:59', 'vvazquez'),
(143, 7, 50, '2021-08-28', 'PARA FIRMA CONVENIO - AUTOMATICO', '2021-08-28 19:32:45', 'vervazquez'),
(144, 8, 50, '2021-08-28', 'PARA GESTION DE PAGO - AUTOMATICO', '2021-08-28 19:33:44', 'vervazquez'),
(145, 9, 50, '2021-08-28', 'CAMBIO DE ESTADO POR EDICION', '2021-08-28 19:34:45', 'verovazquez'),
(146, 11, 49, '2021-08-28', 'CONTINUAR TRAMITE - AUTOMATICO', '2021-08-28 19:38:28', 'vvazquez'),
(147, 7, 49, '2021-08-28', 'PARA FIRMA CONVENIO - AUTOMATICO', '2021-08-28 19:39:35', 'vervazquez'),
(148, 8, 49, '2021-08-28', 'PARA GESTION DE PAGO - AUTOMATICO', '2021-08-28 19:40:35', 'vervazquez'),
(149, 9, 49, '2021-08-28', 'CAMBIO DE ESTADO POR EDICION', '2021-08-28 19:42:12', 'verovazquez'),
(150, 9, 49, '2021-08-28', 'CAMBIO DE ESTADO POR EDICION', '2021-08-28 19:44:45', 'verovazquez'),
(151, 1, 51, '2021-08-31', 'ALTA DE LA NOTA - AUTOMATICO', '2021-08-31 13:28:21', 'vvazquez'),
(152, 2, 51, '2021-09-01', 'APROBADO EN CURSO - AUTOMATICO', '2021-09-01 08:21:06', 'vvazquez'),
(153, 6, 51, '2021-09-01', 'ACTUALIZADO POR UE', '2021-09-01 08:25:59', 'vevazquez'),
(154, 11, 51, '2021-09-01', 'CONTINUAR TRAMITE - AUTOMATICO', '2021-09-01 08:28:31', 'vvazquez'),
(155, 7, 51, '2021-09-01', 'PARA FIRMA CONVENIO - AUTOMATICO', '2021-09-01 08:34:29', 'vervazquez'),
(156, 8, 51, '2021-09-01', 'PARA GESTION DE PAGO - AUTOMATICO', '2021-09-01 08:34:55', 'vervazquez'),
(157, 9, 51, '2021-09-01', 'CAMBIO DE ESTADO POR EDICION', '2021-09-01 08:54:58', 'verovazquez'),
(158, 10, 51, '2021-09-01', 'CAMBIO DE ESTADO POR EDICION', '2021-09-01 08:55:20', 'verovazquez'),
(159, 1, 52, '2021-09-01', 'ALTA DE LA NOTA - AUTOMATICO', '2021-09-01 09:23:27', 'verovazquez'),
(160, 2, 52, '2021-09-01', 'APROBADO EN CURSO - AUTOMATICO', '2021-09-01 09:28:12', 'verovazquez'),
(161, 6, 52, '2021-09-01', 'ACTUALIZADO POR UE', '2021-09-01 09:29:33', 'vevazquez'),
(162, 11, 52, '2021-09-01', 'CONTINUAR TRAMITE - AUTOMATICO', '2021-09-01 09:32:41', 'verovazquez'),
(163, 7, 52, '2021-09-01', 'PARA FIRMA CONVENIO - AUTOMATICO', '2021-09-01 09:33:25', 'vervazquez'),
(164, 8, 52, '2021-09-01', 'PARA GESTION DE PAGO - AUTOMATICO', '2021-09-01 09:33:55', 'vervazquez'),
(165, 9, 52, '2021-09-01', 'CAMBIO DE ESTADO POR EDICION', '2021-09-01 09:35:26', 'verovazquez'),
(166, 10, 52, '2021-09-01', 'CAMBIO DE ESTADO POR EDICION', '2021-09-01 09:43:21', 'verovazquez'),
(167, 1, 53, '2021-09-01', 'ALTA DE LA NOTA - AUTOMATICO', '2021-09-01 09:44:54', 'verovazquez'),
(168, 2, 53, '2021-09-01', 'APROBADO EN CURSO - AUTOMATICO', '2021-09-01 09:46:38', 'verovazquez'),
(169, 6, 53, '2021-09-01', 'ACTUALIZADO POR UE', '2021-09-01 09:48:51', 'vevazquez'),
(170, 11, 53, '2021-09-01', 'CONTINUAR TRAMITE - AUTOMATICO', '2021-09-01 09:50:23', 'verovazquez'),
(171, 7, 53, '2021-09-01', 'PARA FIRMA CONVENIO - AUTOMATICO', '2021-09-01 09:52:41', 'vervazquez'),
(172, 8, 53, '2021-09-01', 'PARA GESTION DE PAGO - AUTOMATICO', '2021-09-01 09:53:19', 'vervazquez'),
(175, 9, 53, '2021-09-01', 'CAMBIO DE ESTADO POR EDICION', '2021-09-01 11:35:04', 'verovazquez'),
(176, 10, 53, '2021-09-01', 'CAMBIO DE ESTADO POR EDICION', '2021-09-01 11:35:47', 'verovazquez'),
(177, 10, 50, '2021-09-01', 'CAMBIO DE ESTADO POR EDICION', '2021-09-01 12:17:57', 'verovazquez'),
(178, 3, 22, '2021-09-03', 'CAMBIO DE ESTADO POR EDICION', '2021-09-03 09:08:55', 'vvazquez');

-- --------------------------------------------------------

--
-- Estructura de tabla para la tabla `movimiento`
--

CREATE TABLE IF NOT EXISTS `movimiento` (
  `idMovimiento` int(11) NOT NULL,
  `area_idAreaOrigen` int(11) NOT NULL,
  `area_idAreaDestino` int(11) NOT NULL,
  `fechaMovimiento` datetime DEFAULT NULL,
  `motivoMovimiento` enum('Continuar trámite','Solicitar revision','A evaluar','A dictaminar','A pagar') DEFAULT NULL,
  `observacion` text,
  `folios` int(11) DEFAULT NULL,
  `fechaCarga` datetime DEFAULT NULL,
  `usuario` varchar(45) DEFAULT NULL,
  `actoAdministrativo_idActoAdministrativo` int(11) NOT NULL,
  `tipoMovimiento` enum('INTERNO','EXTERNO') NOT NULL DEFAULT 'INTERNO'
) ENGINE=InnoDB AUTO_INCREMENT=93 DEFAULT CHARSET=utf8;

--
-- Volcado de datos para la tabla `movimiento`
--

INSERT INTO `movimiento` (`idMovimiento`, `area_idAreaOrigen`, `area_idAreaDestino`, `fechaMovimiento`, `motivoMovimiento`, `observacion`, `folios`, `fechaCarga`, `usuario`, `actoAdministrativo_idActoAdministrativo`, `tipoMovimiento`) VALUES
(1, 1, 4, '2021-07-14 00:00:00', '', 'PROBANDO DE GUARDAR MOVIMIENTO', 8, '2021-07-14 13:56:27', 'vvazquez', 1, 'INTERNO'),
(2, 1, 4, '2021-07-15 00:00:00', '', 'OBS', NULL, '2021-07-14 14:14:16', 'vvazquez', 2, 'INTERNO'),
(3, 1, 2, '2021-07-27 00:00:00', '', 'SDFSDF', 3, '2021-07-27 21:07:09', 'vvazquez', 3, 'INTERNO'),
(4, 1, 2, '2021-07-27 00:00:00', '', 'afsad', NULL, '2021-07-27 21:20:39', 'vvazquez', 4, 'INTERNO'),
(5, 1, 2, '2021-07-28 00:00:00', 'Continuar trámite', 'SDSF', NULL, '2021-07-28 08:41:23', 'vvazquez', 6, 'INTERNO'),
(6, 1, 2, '2021-07-28 00:00:00', '', 'obs', NULL, '2021-07-28 10:36:30', 'vvazquez', 9, 'INTERNO'),
(7, 1, 2, '2021-07-28 00:00:00', '', NULL, NULL, '2021-07-28 13:13:56', 'vvazquez', 8, 'INTERNO'),
(8, 1, 2, '2021-07-29 00:00:00', '', NULL, NULL, '2021-07-29 12:41:28', 'vvazquez', 11, 'INTERNO'),
(9, 1, 2, '2021-07-29 00:00:00', '', NULL, NULL, '2021-07-29 13:55:34', 'vvazquez', 12, 'INTERNO'),
(10, 1, 2, '2021-07-30 00:00:00', '', NULL, NULL, '2021-07-30 10:16:31', 'vvazquez', 14, 'INTERNO'),
(11, 1, 2, '2021-07-30 00:00:00', '', NULL, NULL, '2021-07-30 12:35:52', 'vvazquez', 13, 'INTERNO'),
(12, 2, 1, '2021-08-02 00:00:00', '', 'sdfs', NULL, '2021-08-02 11:36:58', 'vvazquez', 14, 'INTERNO'),
(13, 2, 1, '2021-08-02 00:00:00', '', 'sdfs', NULL, '2021-08-02 11:37:40', 'vvazquez', 14, 'INTERNO'),
(14, 1, 6, '2021-08-02 00:00:00', '', 'sdfsd', 1, '2021-08-02 12:14:09', 'vvazquez', 14, 'EXTERNO'),
(15, 1, 6, '2021-08-02 00:00:00', '', 's', NULL, '2021-08-02 12:18:11', 'vvazquez', 14, 'EXTERNO'),
(16, 1, 6, '2021-08-02 00:00:00', '', NULL, NULL, '2021-08-02 12:20:37', 'vvazquez', 14, 'EXTERNO'),
(17, 1, 6, '2021-08-02 00:00:00', '', NULL, 1, '2021-08-02 12:32:48', 'vvazquez', 14, 'EXTERNO'),
(18, 1, 2, '2021-08-04 00:00:00', '', NULL, NULL, '2021-08-02 12:39:53', 'vvazquez', 16, 'INTERNO'),
(19, 2, 1, '2021-08-04 00:00:00', '', NULL, NULL, '2021-08-02 12:42:42', 'vvazquez', 16, 'INTERNO'),
(20, 1, 6, '2021-08-06 00:00:00', '', NULL, NULL, '2021-08-02 12:43:36', 'vvazquez', 16, 'EXTERNO'),
(21, 2, 1, '2021-08-06 00:00:00', '', NULL, NULL, '2021-08-02 12:54:05', 'vvazquez', 16, 'INTERNO'),
(22, 2, 1, '2021-08-06 00:00:00', '', NULL, NULL, '2021-08-02 12:54:47', 'vvazquez', 16, 'INTERNO'),
(23, 2, 1, '2021-08-06 00:00:00', '', NULL, NULL, '2021-08-02 12:55:02', 'vvazquez', 16, 'INTERNO'),
(24, 1, 2, '2021-08-05 00:00:00', '', NULL, NULL, '2021-08-04 12:31:14', 'vvazquez', 27, 'INTERNO'),
(25, 2, 1, '2021-08-04 00:00:00', 'A dictaminar', NULL, NULL, '2021-08-04 20:09:55', 'vvazquez', 14, 'INTERNO'),
(26, 1, 6, '2021-08-04 00:00:00', '', NULL, NULL, '2021-08-04 20:11:47', 'vvazquez', 14, 'EXTERNO'),
(27, 6, 3, '2021-08-04 00:00:00', '', NULL, NULL, '2021-08-04 20:23:07', 'vvazquez', 14, 'INTERNO'),
(28, 3, 6, '2021-08-04 00:00:00', '', NULL, NULL, '2021-08-04 20:25:01', 'vvazquez', 14, 'EXTERNO'),
(29, 2, 1, '2021-08-05 00:00:00', '', NULL, NULL, '2021-08-05 09:00:16', 'vvazquez', 27, 'INTERNO'),
(30, 1, 6, '2021-08-06 00:00:00', '', NULL, NULL, '2021-08-05 09:01:43', 'vvazquez', 27, 'INTERNO'),
(31, 6, 3, '2021-08-06 00:00:00', '', NULL, NULL, '2021-08-06 13:59:55', 'vvazquez', 27, 'INTERNO'),
(32, 1, 2, '2021-08-10 00:00:00', '', NULL, NULL, '2021-08-10 09:52:42', 'vvazquez', 29, 'INTERNO'),
(33, 1, 2, '2021-08-10 00:00:00', '', NULL, NULL, '2021-08-10 09:59:34', 'vvazquez', 29, 'INTERNO'),
(34, 1, 2, '2021-08-11 00:00:00', '', NULL, NULL, '2021-08-11 09:49:25', 'vvazquez', 38, 'INTERNO'),
(35, 2, 1, '2021-08-11 00:00:00', 'A dictaminar', NULL, NULL, '2021-08-11 10:24:41', 'vvazquez', 38, 'INTERNO'),
(36, 1, 2, '2021-08-12 00:00:00', '', NULL, NULL, '2021-08-12 14:35:56', 'vvazquez', 39, 'INTERNO'),
(37, 2, 1, '2021-08-12 00:00:00', '', NULL, NULL, '2021-08-12 14:38:58', 'vvazquez', 39, 'INTERNO'),
(38, 1, 6, '2021-08-12 00:00:00', '', NULL, NULL, '2021-08-12 14:41:47', 'vvazquez', 39, 'INTERNO'),
(39, 6, 3, '2021-08-12 00:00:00', '', NULL, NULL, '2021-08-12 14:48:16', 'vvazquez', 39, 'INTERNO'),
(40, 3, 6, '2021-08-12 00:00:00', '', NULL, NULL, '2021-08-12 14:49:08', 'vvazquez', 39, 'INTERNO'),
(41, 1, 2, '2021-08-18 00:00:00', '', NULL, NULL, '2021-08-18 19:25:36', 'vvazquez', 15, 'INTERNO'),
(42, 2, 1, '2021-08-18 00:00:00', '', NULL, NULL, '2021-08-18 19:36:17', 'vevazquez', 15, 'INTERNO'),
(43, 1, 6, '2021-08-18 00:00:00', '', NULL, NULL, '2021-08-18 19:56:37', 'vvazquez', 15, 'INTERNO'),
(44, 6, 3, '2021-08-18 00:00:00', '', NULL, NULL, '2021-08-18 19:57:39', 'vervazquez', 15, 'INTERNO'),
(45, 3, 6, '2021-08-18 00:00:00', '', NULL, NULL, '2021-08-18 19:58:23', 'vervazquez', 15, 'INTERNO'),
(46, 1, 2, '2021-08-19 00:00:00', '', NULL, NULL, '2021-08-19 08:10:52', 'vvazquez', 40, 'INTERNO'),
(47, 2, 1, '2021-08-19 00:00:00', '', NULL, 111, '2021-08-19 08:14:05', 'vevazquez', 40, 'INTERNO'),
(48, 1, 6, '2021-08-19 00:00:00', '', NULL, NULL, '2021-08-19 08:17:01', 'vvazquez', 40, 'EXTERNO'),
(49, 6, 3, '2021-08-19 00:00:00', '', NULL, NULL, '2021-08-19 08:18:30', 'vervazquez', 40, 'INTERNO'),
(50, 3, 6, '2021-08-19 00:00:00', '', NULL, NULL, '2021-08-19 08:20:03', 'vervazquez', 40, 'EXTERNO'),
(51, 1, 2, '2021-08-19 00:00:00', '', NULL, 2, '2021-08-19 10:29:41', 'vvazquez', 41, 'INTERNO'),
(52, 2, 1, '2021-08-19 00:00:00', '', NULL, NULL, '2021-08-19 10:34:25', 'vevazquez', 41, 'INTERNO'),
(53, 1, 6, '2021-08-19 00:00:00', '', NULL, NULL, '2021-08-19 10:36:26', 'vvazquez', 41, 'EXTERNO'),
(54, 6, 3, '2021-08-19 00:00:00', '', NULL, NULL, '2021-08-19 10:39:03', 'vervazquez', 41, 'INTERNO'),
(55, 3, 6, '2021-08-19 00:00:00', '', NULL, NULL, '2021-08-19 10:47:30', 'vervazquez', 41, 'EXTERNO'),
(56, 1, 2, '2021-08-26 00:00:00', '', NULL, NULL, '2021-08-26 09:40:46', 'vvazquez', 42, 'INTERNO'),
(57, 2, 1, '2021-08-26 00:00:00', '', NULL, NULL, '2021-08-26 09:44:43', 'vevazquez', 42, 'INTERNO'),
(58, 1, 2, '2021-08-26 00:00:00', 'Continuar trámite', NULL, NULL, '2021-08-26 10:36:26', 'vvazquez', 43, 'INTERNO'),
(59, 2, 1, '2021-08-26 00:00:00', 'Continuar trámite', 'continuar tramite', NULL, '2021-08-26 10:44:03', 'vevazquez', 43, 'INTERNO'),
(60, 1, 6, '2021-08-26 00:00:00', 'Continuar trámite', NULL, NULL, '2021-08-26 10:47:15', 'vvazquez', 43, 'EXTERNO'),
(61, 6, 3, '2021-08-26 00:00:00', '', NULL, NULL, '2021-08-26 10:55:46', 'vervazquez', 43, 'INTERNO'),
(62, 3, 6, '2021-08-26 00:00:00', '', NULL, NULL, '2021-08-26 10:56:27', 'vervazquez', 43, 'EXTERNO'),
(63, 1, 2, '2021-08-26 00:00:00', NULL, NULL, NULL, '2021-08-26 13:23:53', 'vvazquez', 46, 'INTERNO'),
(64, 1, 2, '2021-08-27 00:00:00', NULL, NULL, NULL, '2021-08-27 08:50:26', 'vvazquez', 47, 'INTERNO'),
(65, 5, 2, '2021-08-27 00:00:00', NULL, NULL, NULL, '2021-08-27 09:21:09', 'verovazquez', 48, 'INTERNO'),
(66, 5, 2, '2021-08-27 00:00:00', NULL, NULL, NULL, '2021-08-27 11:15:22', 'verovazquez', 49, 'INTERNO'),
(67, 5, 2, '2021-08-27 00:00:00', NULL, NULL, NULL, '2021-08-27 11:17:06', 'verovazquez', 17, 'INTERNO'),
(68, 1, 2, '2021-08-27 00:00:00', NULL, NULL, NULL, '2021-08-27 12:44:45', 'vvazquez', 50, 'INTERNO'),
(69, 2, 1, '2021-08-27 00:00:00', NULL, NULL, NULL, '2021-08-27 21:00:05', 'vevazquez', 49, 'INTERNO'),
(70, 2, 1, '2021-08-27 00:00:00', NULL, NULL, NULL, '2021-08-27 21:00:35', 'vevazquez', 50, 'INTERNO'),
(71, 1, 6, '2021-08-28 00:00:00', '', NULL, NULL, '2021-08-28 19:23:44', 'vvazquez', 50, 'INTERNO'),
(72, 1, 6, '2021-08-28 00:00:00', '', NULL, NULL, '2021-08-28 19:31:59', 'vvazquez', 50, 'INTERNO'),
(73, 6, 3, '2021-08-28 00:00:00', NULL, NULL, NULL, '2021-08-28 19:32:45', 'vervazquez', 50, 'INTERNO'),
(74, 3, 6, '2021-08-28 00:00:00', '', NULL, NULL, '2021-08-28 19:33:44', 'vervazquez', 50, 'INTERNO'),
(75, 1, 6, '2021-08-28 00:00:00', '', NULL, NULL, '2021-08-28 19:38:28', 'vvazquez', 49, 'INTERNO'),
(76, 6, 3, '2021-08-28 00:00:00', '', NULL, NULL, '2021-08-28 19:39:35', 'vervazquez', 49, 'INTERNO'),
(77, 3, 6, '2021-08-28 00:00:00', '', NULL, NULL, '2021-08-28 19:40:35', 'vervazquez', 49, 'INTERNO'),
(78, 1, 2, '2021-09-01 00:00:00', NULL, NULL, NULL, '2021-09-01 08:21:06', 'vvazquez', 51, 'INTERNO'),
(79, 2, 1, '2021-09-01 00:00:00', '', NULL, NULL, '2021-09-01 08:25:59', 'vevazquez', 51, 'INTERNO'),
(80, 1, 6, '2021-09-02 00:00:00', '', NULL, NULL, '2021-09-01 08:28:31', 'vvazquez', 51, 'INTERNO'),
(81, 6, 3, '2021-09-02 00:00:00', NULL, NULL, NULL, '2021-09-01 08:34:29', 'vervazquez', 51, 'INTERNO'),
(82, 3, 6, '2021-09-02 00:00:00', NULL, NULL, NULL, '2021-09-01 08:34:55', 'vervazquez', 51, 'INTERNO'),
(83, 5, 2, '2021-09-01 00:00:00', '', NULL, NULL, '2021-09-01 09:28:12', 'verovazquez', 52, 'INTERNO'),
(84, 2, 5, '2021-09-02 00:00:00', NULL, NULL, NULL, '2021-09-01 09:29:33', 'vevazquez', 52, 'INTERNO'),
(85, 5, 6, '2021-09-03 00:00:00', '', NULL, NULL, '2021-09-01 09:32:41', 'verovazquez', 52, 'INTERNO'),
(86, 6, 3, '2021-09-03 00:00:00', NULL, NULL, NULL, '2021-09-01 09:33:25', 'vervazquez', 52, 'INTERNO'),
(87, 3, 6, '2021-09-06 00:00:00', 'Continuar trámite', NULL, NULL, '2021-09-01 09:33:55', 'vervazquez', 52, 'INTERNO'),
(88, 5, 2, '2021-09-01 00:00:00', NULL, NULL, NULL, '2021-09-01 09:46:38', 'verovazquez', 53, 'INTERNO'),
(89, 2, 5, '2021-09-02 00:00:00', NULL, NULL, NULL, '2021-09-01 09:48:51', 'vevazquez', 53, 'INTERNO'),
(90, 5, 6, '2021-09-02 00:00:00', NULL, NULL, NULL, '2021-09-01 09:50:23', 'verovazquez', 53, 'INTERNO'),
(91, 6, 3, '2021-09-02 00:00:00', NULL, NULL, NULL, '2021-09-01 09:52:41', 'vervazquez', 53, 'INTERNO'),
(92, 3, 6, '2021-09-02 00:00:00', NULL, NULL, NULL, '2021-09-01 09:53:19', 'vervazquez', 53, 'INTERNO');

-- --------------------------------------------------------

--
-- Estructura de tabla para la tabla `observaciones_bp`
--

CREATE TABLE IF NOT EXISTS `observaciones_bp` (
  `idObservacionActoAdministrativo` int(11) NOT NULL,
  `observacion` text NOT NULL,
  `fechaObs` date DEFAULT NULL,
  `usuario` varchar(45) NOT NULL,
  `fechaCarga` datetime NOT NULL,
  `actoAdministrativo_idActoAdministrativo` int(11) NOT NULL
) ENGINE=InnoDB AUTO_INCREMENT=34 DEFAULT CHARSET=utf8;

--
-- Volcado de datos para la tabla `observaciones_bp`
--

INSERT INTO `observaciones_bp` (`idObservacionActoAdministrativo`, `observacion`, `fechaObs`, `usuario`, `fechaCarga`, `actoAdministrativo_idActoAdministrativo`) VALUES
(2, 'agrego segunda observacion', '2021-08-09', 'vvazquez', '2021-08-09 10:42:27', 27),
(3, 'agrego observacion', '2021-08-09', 'vvazquez', '2021-08-09 12:42:35', 27),
(4, 'ESTA OBSERVACION SE AGREGO DESDE LA PRIVADA', '2021-08-11', 'vvazquez', '2021-08-11 09:55:20', 38),
(5, 'esta observacion la agrego la UE', '2021-08-11', 'vvazquez', '2021-08-11 10:25:13', 38),
(6, 'esta observacion la agrego gestion de convenios, antes de que llegue a su oficina', '2021-08-11', 'vvazquez', '2021-08-11 10:27:16', 38),
(8, 'estoy esperando que se pague', '2021-08-11', 'vvazquez', '2021-08-11 10:42:01', 10),
(9, 'observacion novedad', '2021-08-11', 'vvazquez', '2021-08-11 14:35:59', 30),
(11, 'agrego novedad', '2021-08-11', 'vvazquez', '2021-08-11 14:37:58', 33),
(12, 'Novedad desde UE', '2021-08-11', 'vvazquez', '2021-08-11 14:58:36', 29),
(13, 'NOVEDAD AGREGADA DESDE UNIDAD EVALUADORA', '2021-08-12', 'vvazquez', '2021-08-12 14:38:00', 39),
(14, 'OBSERVACION AGREGADA DESDE UNIDAD DE GESTION DE CONVENIO', '2021-08-12', 'vvazquez', '2021-08-12 14:40:22', 39),
(15, 'OBS', '2021-08-12', 'vvazquez', '2021-08-12 14:50:35', 39),
(16, 'ME AVISARON', '2021-08-12', 'vvazquez', '2021-08-12 15:02:41', 39),
(17, 'SDFSADF', '2021-08-12', 'vvazquez', '2021-08-12 15:05:08', 39),
(18, 'FIN DEL TRAMITE', '2021-08-18', 'verovazquez', '2021-08-18 20:49:54', 15),
(19, 'PRESENTO TODA LA DOCUMENTACION', '2021-08-19', 'vevazquez', '2021-08-19 08:13:15', 40),
(20, 'obs agregada desde privado', '2021-08-19', 'vvazquez', '2021-08-19 10:25:29', 41),
(21, 'obs 2 desde privada', '2021-08-19', 'vvazquez', '2021-08-19 10:28:49', 41),
(22, 'obs dsde UE', '2021-08-19', 'vevazquez', '2021-08-19 10:32:45', 41),
(23, 'obs privada', '2021-08-26', 'vvazquez', '2021-08-26 10:31:48', 43),
(24, 'completo toda la documentacion - ue', '2021-08-26', 'vevazquez', '2021-08-26 10:40:33', 43),
(25, 'area que va a elaborar el convenio', '2021-08-26', 'vervazquez', '2021-08-26 10:51:16', 43),
(26, 'gestionando firma de convenios', '2021-08-26', 'vervazquez', '2021-08-26 10:53:10', 43),
(27, 'gestionar firma institucion', '2021-08-26', 'vervazquez', '2021-08-26 10:53:38', 43),
(28, 'obs generales', '2021-08-26', 'verovazquez', '2021-08-26 11:00:14', 43),
(29, 'observacion x', '2021-08-26', 'vvazquez', '2021-08-26 13:27:32', 46),
(31, 'ingresada por DPCyRI', '2021-08-27', 'verovazquez', '2021-08-27 08:52:47', 48),
(32, 'agrego novedad', '2021-08-28', 'verovazquez', '2021-08-28 19:59:30', 24),
(33, 'agrego novedad', '2021-08-28', 'verovazquez', '2021-08-28 20:02:04', 24);

-- --------------------------------------------------------

--
-- Estructura de tabla para la tabla `tipoDocumento`
--

CREATE TABLE IF NOT EXISTS `tipoDocumento` (
  `idtipo_documento` int(11) NOT NULL,
  `descripciondocumento` varchar(50) NOT NULL,
  `fechabaja` datetime DEFAULT NULL
) ENGINE=InnoDB AUTO_INCREMENT=7 DEFAULT CHARSET=utf8;

--
-- Volcado de datos para la tabla `tipoDocumento`
--

INSERT INTO `tipoDocumento` (`idtipo_documento`, `descripciondocumento`, `fechabaja`) VALUES
(1, 'Nota de Ingreso', NULL),
(2, 'Informe Social UE', NULL),
(3, 'Dictamen', NULL),
(4, 'Convenio', NULL),
(5, 'Resolución de Pago', NULL);

-- --------------------------------------------------------

--
-- Estructura de tabla para la tabla `tipoSolicitante`
--

CREATE TABLE IF NOT EXISTS `tipoSolicitante` (
  `idtipoSolicitante` int(11) NOT NULL,
  `descripcion` varchar(45) DEFAULT NULL
) ENGINE=InnoDB AUTO_INCREMENT=4 DEFAULT CHARSET=utf8;

--
-- Volcado de datos para la tabla `tipoSolicitante`
--

INSERT INTO `tipoSolicitante` (`idtipoSolicitante`, `descripcion`) VALUES
(1, 'CLUB'),
(2, 'ORGANIZACION DE LA SOCIEDAD CIVIL'),
(3, 'GOBIERNOS LOCALES');

--
-- Índices para tablas volcadas
--

--
-- Indices de la tabla `actoAdministrativo`
--
ALTER TABLE `actoAdministrativo`
  ADD PRIMARY KEY (`idActoAdministrativo`),
  ADD KEY `fecha_solicitud` (`fechaNota`),
  ADD KEY `fk_actoAdministrativo_tipoInstitucionBP1_idx` (`tipoSolicitante_idtipoSolicitante`),
  ADD KEY `fk_actoAdministrativo_Institucion1_idx` (`Institucion_inst_id`),
  ADD KEY `t_loc_id_loc` (`t_loc_id_loc`),
  ADD KEY `area_carga` (`area_carga`),
  ADD KEY `nombreInstitucion` (`nombreInstitucion`);

--
-- Indices de la tabla `actoAdministrativo_has_checkRequisitos`
--
ALTER TABLE `actoAdministrativo_has_checkRequisitos`
  ADD PRIMARY KEY (`id`) USING BTREE,
  ADD KEY `fk_actoAdministrativo_has_checkRequisitos_actoAdministrativ_idx` (`actoAdministrativo_idActoAdministrativo`) USING BTREE,
  ADD KEY `fk_actoAdministrativo_has_checkRequisitos_checkRequisitos1_idx` (`checkRequisitos_idcheckRequisitos`) USING BTREE;

--
-- Indices de la tabla `actoAdministrativo_has_componente`
--
ALTER TABLE `actoAdministrativo_has_componente`
  ADD PRIMARY KEY (`idActoAdministrativo_has_componente`),
  ADD KEY `fk_actoAdministrativo_has_componente_componente1_idx` (`componente_idComponenteSolicitado`),
  ADD KEY `fk_actoAdministrativo_has_componente_actoAdministrativo1_idx` (`actoAdministrativo_idActoAdministrativo`);

--
-- Indices de la tabla `archivo`
--
ALTER TABLE `archivo`
  ADD PRIMARY KEY (`idarchivo`),
  ADD KEY `fk_archivo_tipoDocumento1_idx` (`tipoDocumento_idTipo_documento`);

--
-- Indices de la tabla `area`
--
ALTER TABLE `area`
  ADD PRIMARY KEY (`idArea`);

--
-- Indices de la tabla `checkRequisitos`
--
ALTER TABLE `checkRequisitos`
  ADD PRIMARY KEY (`idcheckRequisitos`);

--
-- Indices de la tabla `componente`
--
ALTER TABLE `componente`
  ADD PRIMARY KEY (`idComponente`);

--
-- Indices de la tabla `detalleComponente`
--
ALTER TABLE `detalleComponente`
  ADD PRIMARY KEY (`iddetalleComponente`) USING BTREE,
  ADD KEY `componente_idComponente` (`componente_idComponente`),
  ADD KEY `fk_detalleComponente_componente1_idx` (`componente_idComponente`) USING BTREE;

--
-- Indices de la tabla `estadoActoAdministrativo`
--
ALTER TABLE `estadoActoAdministrativo`
  ADD PRIMARY KEY (`idestado`);

--
-- Indices de la tabla `estadoActoAdministrativo_has_actoAdministrativo`
--
ALTER TABLE `estadoActoAdministrativo_has_actoAdministrativo`
  ADD PRIMARY KEY (`idestadoActo_has_actoAdministrativo`),
  ADD KEY `fk_estadoActoAdministrativo_has_actoAdministrativo_estadoAc_idx` (`estadoActoAdministrativo_idestado`),
  ADD KEY `fk_estadoActoAdministrativo_has_actoAdministrativo_actoAdmi_idx` (`actoAdministrativo_idActoAdministrativo`) USING BTREE;

--
-- Indices de la tabla `movimiento`
--
ALTER TABLE `movimiento`
  ADD PRIMARY KEY (`idMovimiento`),
  ADD KEY `fk_Movimiento_area1_idx` (`area_idAreaOrigen`),
  ADD KEY `fk_Movimiento_actoAdministrativo1_idx` (`actoAdministrativo_idActoAdministrativo`);

--
-- Indices de la tabla `observaciones_bp`
--
ALTER TABLE `observaciones_bp`
  ADD PRIMARY KEY (`idObservacionActoAdministrativo`),
  ADD KEY `fecha_obs` (`fechaObs`),
  ADD KEY `fk_observaciones_bp_actoAdministrativo1_idx` (`actoAdministrativo_idActoAdministrativo`);

--
-- Indices de la tabla `tipoDocumento`
--
ALTER TABLE `tipoDocumento`
  ADD PRIMARY KEY (`idtipo_documento`);

--
-- Indices de la tabla `tipoSolicitante`
--
ALTER TABLE `tipoSolicitante`
  ADD PRIMARY KEY (`idtipoSolicitante`);

--
-- AUTO_INCREMENT de las tablas volcadas
--

--
-- AUTO_INCREMENT de la tabla `actoAdministrativo`
--
ALTER TABLE `actoAdministrativo`
  MODIFY `idActoAdministrativo` int(11) NOT NULL AUTO_INCREMENT,AUTO_INCREMENT=54;
--
-- AUTO_INCREMENT de la tabla `actoAdministrativo_has_checkRequisitos`
--
ALTER TABLE `actoAdministrativo_has_checkRequisitos`
  MODIFY `id` int(11) NOT NULL AUTO_INCREMENT,AUTO_INCREMENT=299;
--
-- AUTO_INCREMENT de la tabla `actoAdministrativo_has_componente`
--
ALTER TABLE `actoAdministrativo_has_componente`
  MODIFY `idActoAdministrativo_has_componente` int(11) NOT NULL AUTO_INCREMENT,AUTO_INCREMENT=225;
--
-- AUTO_INCREMENT de la tabla `archivo`
--
ALTER TABLE `archivo`
  MODIFY `idarchivo` int(11) NOT NULL AUTO_INCREMENT;
--
-- AUTO_INCREMENT de la tabla `area`
--
ALTER TABLE `area`
  MODIFY `idArea` int(11) NOT NULL AUTO_INCREMENT,AUTO_INCREMENT=7;
--
-- AUTO_INCREMENT de la tabla `checkRequisitos`
--
ALTER TABLE `checkRequisitos`
  MODIFY `idcheckRequisitos` int(11) NOT NULL AUTO_INCREMENT,AUTO_INCREMENT=16;
--
-- AUTO_INCREMENT de la tabla `componente`
--
ALTER TABLE `componente`
  MODIFY `idComponente` int(11) NOT NULL AUTO_INCREMENT,AUTO_INCREMENT=5;
--
-- AUTO_INCREMENT de la tabla `detalleComponente`
--
ALTER TABLE `detalleComponente`
  MODIFY `iddetalleComponente` int(11) NOT NULL AUTO_INCREMENT,AUTO_INCREMENT=16;
--
-- AUTO_INCREMENT de la tabla `estadoActoAdministrativo`
--
ALTER TABLE `estadoActoAdministrativo`
  MODIFY `idestado` int(11) NOT NULL AUTO_INCREMENT,AUTO_INCREMENT=13;
--
-- AUTO_INCREMENT de la tabla `estadoActoAdministrativo_has_actoAdministrativo`
--
ALTER TABLE `estadoActoAdministrativo_has_actoAdministrativo`
  MODIFY `idestadoActo_has_actoAdministrativo` int(11) NOT NULL AUTO_INCREMENT,AUTO_INCREMENT=179;
--
-- AUTO_INCREMENT de la tabla `movimiento`
--
ALTER TABLE `movimiento`
  MODIFY `idMovimiento` int(11) NOT NULL AUTO_INCREMENT,AUTO_INCREMENT=93;
--
-- AUTO_INCREMENT de la tabla `observaciones_bp`
--
ALTER TABLE `observaciones_bp`
  MODIFY `idObservacionActoAdministrativo` int(11) NOT NULL AUTO_INCREMENT,AUTO_INCREMENT=34;
--
-- AUTO_INCREMENT de la tabla `tipoDocumento`
--
ALTER TABLE `tipoDocumento`
  MODIFY `idtipo_documento` int(11) NOT NULL AUTO_INCREMENT,AUTO_INCREMENT=7;
--
-- AUTO_INCREMENT de la tabla `tipoSolicitante`
--
ALTER TABLE `tipoSolicitante`
  MODIFY `idtipoSolicitante` int(11) NOT NULL AUTO_INCREMENT,AUTO_INCREMENT=4;
/*!40101 SET CHARACTER_SET_CLIENT=@OLD_CHARACTER_SET_CLIENT */;
/*!40101 SET CHARACTER_SET_RESULTS=@OLD_CHARACTER_SET_RESULTS */;
/*!40101 SET COLLATION_CONNECTION=@OLD_COLLATION_CONNECTION */;
